{"book_id_title": "10210.Jane_Eyre", "book_id": "10210", "book_title": "Jane Eyre", "book_series": "", "book_series_uri": "", "isbn": "1551111802", "isbn13": "9781551111803", "year_first_published": "1847", "author": "Charlotte Bront\u00eb", "num_pages": 532, "genres": ["Classics", "Fiction", "Romance", "Historical > Historical Fiction", "Gothic", "Literature", "Historical", "Academic > School", "Literature > 19th Century", "Novels"], "shelves": {"to-read": 5196, "currently-reading": 63160, "classics": 45063, "favorites": 24885, "fiction": 12215, "romance": 7571, "classic": 6767, "own": 4761, "books-i-own": 4607, "owned": 4546, "favourites": 3190, "historical-fiction": 2721, "gothic": 2358, "literature": 2114, "historical": 1491, "2021": 1437, "2020": 1274, "owned-books": 1220, "kindle": 1144, "school": 1139, "19th-century": 1129, "novels": 1096, "classic-literature": 1077, "tbr": 1037, "audiobook": 1028, "book-club": 903, "british": 884, "adult": 879, "audiobooks": 874, "all-time-favorites": 866, "2019": 866, "physical-tbr": 851, "2018": 823, "classics-to-read": 819, "my-library": 782, "re-read": 772, "victorian": 759, "2016": 719, "2017": 702, "english": 679, "library": 658, "favorite-books": 645, "my-books": 635, "1001-books": 625, "british-literature": 624, "feminism": 623, "historical-romance": 616, "novel": 605, "wishlist": 603, "england": 588, "dnf": 585, "to-buy": 571, "2015": 560, "adult-fiction": 544, "literary-fiction": 519, "2011": 510, "on-my-shelf": 509, "i-own": 494, "2014": 489, "favorite": 483, "bookshelf": 479, "2022": 479, "english-literature": 476, "ebook": 465, "classic-lit": 463, "my-ebooks": 462, "read-for-school": 461, "classici": 460, "audio": 460, "classic-fiction": 427, "cl\u00e1sicos": 426, "5-stars": 420, "audible": 411, "owned-tbr": 406, "high-school": 404, "default": 401, "classics-tbr": 398, "reread": 394, "mystery": 392, "2013": 382, "for-school": 376, "drama": 374, "ebooks": 364, "1001": 353, "rory-gilmore-reading-challenge": 341, "school-books": 338, "2012": 332, "the-classics": 331, "coming-of-age": 316, "my-bookshelf": 313, "faves": 310, "women": 307, "my-favorites": 297, "home-library": 297, "to-re-read": 296, "favoritos": 294, "own-it": 293, "favs": 287, "tbr-classics": 283}, "lists": {"Best": 6757, "Books": 314, "100": 1553, "Big": 7387, "All": 235, "Favorite": 322, "1001": 466, "Must": 4479, "The": 96, "Read": 88, "PBS\u2019s": 2458, "CLEAN": 2130, "Romance": 2692, "Jezebel's": 1494, "Couldn't": 10098, "I'm": 4917, "What": 1818, "Literary": 2107, "I": 317, "Goodreads": 1043, "Victorian": 344, "Favorites": 1145, "Slow-burn": 2545, "Strong": 786, "So": 5639, "Girl": 976, "Required": 1193, "Literature": 727, "Classics": 96, "Great": 76, "Younger": 624, "Boarding": 1244, "SCARS": 2479, "Women": 539, "MUST": 4430, "My": 930, "Villain": 1465, "the": 597, "Everyone's": 4454, "Slow": 1986, "Historical": 1017, "Smart": 4489, "Bad": 2696, "Dramatic": 1036, "Gilmore": 520, "Recommended": 400, "Unforgettables": 2504, "Size": 396, "Fictional": 600, "One": 885, "Kick-Butt": 2386, "Most": 107, "Male": 1205, "Thickest": 2485, "Stories": 4343, "Tortured": 498, "Hero": 267, "\"Love\"": 130, "Re-Readable": 1215, "READ": 2429, "UK": 607, "Intense": 7221, "Catching": 157, "Orphans": 296, "Unhappy": 339, "Developing": 276, "Hunks": 312, "Quiet,": 253, "Kick-ass": 84, "Gothic": 253, "Virgin": 649, "Six": 775, "Seasonal": 571, "Nanny-Governess": 144, "Young": 9155, "Men": 1388, "Wise": 945, "Italiano": 345, "Classic": 85, "\u0623\u0641\u0636\u0644": 2079, "Clean": 81, "Clifton": 106, "Domestic": 95, "Greatest": 245, "Interesting,": 328, "Light": 885, "\"Bucket": 262, "Novels": 235, "If": 434, "Both": 321, "Plain": 49, "Romances": 246, "Popsugar": 246, "Winter": 657, "Dark": 791, "Hardest": 1322, "Odd": 377, "I've": 465, "Hottest": 6328, "Hey,": 265, "BBC": 36, "Older": 158, "Blind/Deaf/Mute": 375, "Character": 5187, "Project": 102, "Illicit": 410, "women": 277, "Victoriana": 55, "Coming": 711, "AP": 202, "Cry,": 1328, "Quirky": 73, "Sink": 119, "Teachers": 126, "Causes": 3608, "Star-Crossed": 156, "19th": 51, "Disappointing": 4587, "Abandoned": 1463, "Rory's": 92, "TBC": 463, "Non-Bratty,": 271, "Petite": 495, "\"As": 100, "Girls": 751, "Leituras": 201, "Book": 45, "Top": 123, "500": 120, "GOOD": 66, "Intelligent": 117, "Yorkshire": 84, "Unforgettable": 67, "50": 203, "Quiet": 151, "101": 105, "Harvard": 72, "Servant": 261, "Your": 900, "Candidates": 115, "Fairytale": 261, "True": 236, "Sweetest": 408, "For": 127, "Glad": 399, "GREAT": 155, "Titles": 124, "Over": 108, "Can't": 93, "books": 193, "Cinderella": 178}, "num_ratings": "1830832", "num_reviews": "50611", "average_rating": "4.14", "rating_distribution": {"5 Stars": 848303, "4 Stars": 565321, "3 Stars": 285261, "2 Stars": 84820, "1 Star": 47127}}