{"book_id_title": "11337.The_Bluest_Eye", "book_id": "11337", "book_title": "The Bluest Eye", "book_series": "", "book_series_uri": "", "isbn": "0307278441", "isbn13": "9780307278449", "year_first_published": "1970", "author": "Toni Morrison", "num_pages": 216, "genres": ["Fiction", "Classics", "Historical > Historical Fiction", "Cultural > African American", "Race", "Novels", "Literature", "Literary Fiction", "Academic > School", "Adult"], "shelves": {"to-read": 161513, "currently-reading": 9193, "fiction": 4311, "classics": 2766, "favorites": 1957, "historical-fiction": 1046, "own": 779, "2020": 735, "books-i-own": 633, "owned": 562, "2021": 548, "african-american": 531, "race": 479, "book-club": 419, "2019": 379, "novels": 373, "literature": 366, "classic": 354, "literary-fiction": 331, "school": 308, "1001-books": 221, "adult": 216, "audiobook": 211, "library": 207, "historical": 207, "american": 205, "black-authors": 203, "adult-fiction": 203, "banned-books": 200, "feminism": 193, "american-literature": 182, "audiobooks": 181, "2022": 175, "owned-books": 175, "2018": 173, "wishlist": 170, "2017": 162, "toni-morrison": 158, "novel": 154, "read-for-school": 149, "2016": 144, "contemporary": 144, "2015": 140, "favourites": 140, "20th-century": 139, "my-library": 135, "to-buy": 135, "blm": 133, "1001": 133, "anti-racism": 125, "for-school": 125, "oprah-s-book-club": 124, "literary": 121, "african-american-lit": 121, "african-american-literature": 117, "american-lit": 115, "general-fiction": 110, "women": 108, "1001-books-to-read-before-you-die": 106, "coming-of-age": 106, "audio": 105, "female-authors": 105, "2014": 104, "kindle": 104, "racism": 102, "read-in-2020": 101, "contemporary-fiction": 101, "poc": 97, "authors-of-color": 95, "modern-classics": 94, "oprah": 93, "tbr": 92, "2020-reads": 90, "on-my-shelf": 89, "usa": 88, "physical-tbr": 87, "nobel": 84, "school-books": 83, "nobel-prize": 83, "high-school": 82, "dnf": 79, "default": 77, "ebook": 77, "women-authors": 77, "realistic-fiction": 77, "female-author": 76, "my-books": 76, "college": 76, "women-writers": 75, "english": 73, "bipoc": 72, "black-lives-matter": 72, "read-in-2021": 71, "read-with-jenna": 69, "cultural": 67, "read-in-2019": 67, "2012": 67, "black-lit": 66, "re-read": 66, "read-2020": 65}, "lists": {"Best": 2, "Books": 54, "Oprah's": 11, "Most": 1975, "The": 598, "Black": 32, "1001": 863, "Great": 816, "Nobel": 531, "100": 59, "Social": 1406, "Women": 64, "I": 2101, "What": 2797, "#1000BlackGirlBooks:": 371, "Racial,": 145, "Developing": 276, "Body": 158, "A": 14, "Eye": 28, "Reading": 4, "\"Family": 100, "Cult": 1822, "books": 193, "Read": 14, "Juvenile": 110, "#BlackLivesMatter": 281, "American": 175, "Lemonade": 65, "Banned": 196, "Interesting,": 328, "African": 349, "Literary": 16, "Blue": 45, "Novels": 124, "Modern-day": 168, "[ATY": 71, "Postmodern": 569, "Unique": 418, "Red": 53, "Lavender": 69, "Huffington": 12, "Book": 6, "Colors": 35, "Racism": 15, "Saddest": 725, "Cornell": 23, "Psychological": 115, "Multicultural": 51, "Breaking": 348, "Writing": 35, "Disturbingly": 199, "\"Bucket": 262, "AP": 1, "50": 20, "Waiting": 42, "Girl": 12, "Shades": 17, "Coming": 711, "Schomburg": 5, "Dead": 10, "Ohio": 32, "WOC": 9, "Young": 275, "Windows": 18, "#KweliClub": 6, "Recommended": 7, "2015:": 308, "Well-Read": 5, "YA": 2, "Favourite": 96, "Feminism": 35, "Top": 4, "Life": 1120, "Exquisitely": 36, "2017:": 776, "FCH's": 2, "novels": 9, "Epistolary": 772, "Midday": 6, "BOOKS": 83, "Classroom": 18, "Knowledge": 6, "Awesome": 918, "Authors": 64, "2019:": 860, "Good": 72, "Hanky's": 4, "Sight": 3, "Junior": 2, "2013:": 696, "Short": 5, "And": 19, "Your": 1139, "Fictional": 46, "Civil": 29, "Significant": 9, "Riot": 1, "Quality": 2629, "David": 1, "Female": 24, "Greatest": 10, "Mrs.": 6, "11A": 2, "Historical": 553, "Formidable": 8, "120": 8, "MMS": 2, "(28": 4, "MUST": 4430, "Abusive": 116, "If": 18, "Elissa's": 3, "From": 31, "After": 3, "13": 2, "2016:": 191, "About": 49, "Don't": 1, "16": 2, "Unhappy": 339, "Must": 8, "Bridging": 9, "IB": 2, "Two": 8, "MEA": 3, "My": 1, "2018:": 321, "FemCath": 3, "Reinventing": 8, "Kris'": 1, "Thinking": 175, "Pseudoscience": 17, "#clubedolivrismo": 9, "Works": 1, "2018": 1, "Shadeism": 12, "SMASH": 9, "Omaha": 2, "Alejandra": 1, "Hard-Won": 1, "Ibram": 1}, "num_ratings": "203510", "num_reviews": "11863", "average_rating": "4.09", "rating_distribution": {"5 Stars": 80349, "4 Stars": 76194, "3 Stars": 35403, "2 Stars": 8285, "1 Star": 3279}}