{"book_id_title": "12296.The_Scarlet_Letter", "book_id": "12296", "book_title": "The Scarlet Letter", "book_series": "", "book_series_uri": "", "isbn": "0679783385", "isbn13": "9780679783381", "year_first_published": "1850", "author": "Nathaniel Hawthorne", "num_pages": 279, "genres": ["Classics", "Fiction", "Historical > Historical Fiction", "Academic > School", "Literature", "Young Adult > High School", "Academic > Read For School", "Historical", "Classics > Classic Literature", "Novels"], "shelves": {"classics": 22175, "fiction": 7493, "classic": 3203, "historical-fiction": 3056, "own": 2344, "owned": 2044, "favorites": 1999, "books-i-own": 1937, "to-read": 1923, "school": 1809, "literature": 1408, "high-school": 893, "read-for-school": 854, "historical": 822, "classic-literature": 688, "for-school": 625, "novels": 608, "american-literature": 595, "school-books": 586, "kindle": 580, "owned-books": 522, "romance": 459, "adult": 447, "american": 439, "19th-century": 434, "1001-books": 427, "my-library": 412, "library": 364, "classics-to-read": 356, "american-lit": 332, "adult-fiction": 321, "school-reads": 310, "my-books": 303, "default": 301, "cl\u00e0ssics": 295, "classic-lit": 294, "read-in-school": 274, "novel": 264, "2020": 259, "literary-fiction": 258, "to-buy": 254, "classic-fiction": 251, "tbr": 243, "2017": 239, "history": 236, "2019": 235, "dnf": 235, "audiobook": 235, "1001": 232, "wishlist": 230, "2018": 222, "required-reading": 221, "rory-gilmore-reading-challenge": 217, "religion": 211, "young-adult": 210, "2015": 208, "school-reading": 204, "physical-tbr": 203, "book-club": 203, "ebook": 195, "2016": 193, "audiobooks": 190, "english": 185, "1001-books-to-read-before-you-die": 185, "the-classics": 181, "re-read": 181, "classici": 179, "i-own": 176, "on-my-shelf": 175, "drama": 175, "read-in-high-school": 173, "home-library": 169, "2014": 165, "american-classics": 160, "usa": 159, "general-fiction": 158, "bookshelf": 156, "classics-tbr": 156, "ebooks": 150, "own-it": 146, "abandoned": 145, "literary": 145, "2013": 145, "ap-lit": 144, "did-not-finish": 144, "to-read-classics": 143, "my-bookshelf": 134, "classics-read": 132, "rory-gilmore-challenge": 131, "have": 130, "feminism": 123, "rory-gilmore": 121, "tbr-classics": 120, "to-re-read": 119, "new-england": 116, "banned-books": 116, "books": 115, "personal-library": 108, "america": 108, "women": 108}, "lists": {"Books": 29, "Best": 10, "100": 6, "The": 106, "1001": 41, "Read": 61, "Must": 4479, "I": 6140, "Required": 26, "Recommended": 164, "I'm": 4917, "Literary": 2107, "Forced": 554, "Goodreads": 1043, "Most": 2588, "Favorites": 10, "Disappointing": 4587, "Is": 2682, "A": 180, "New": 3281, "Classics": 96, "Unhappy": 339, "Illicit": 410, "Favorite": 5, "Male": 1109, "Literature": 345, "What": 773, "Vicars,": 257, "Glad": 399, "AP": 202, "Jezebel's": 1494, "Gilmore": 520, "Settings": 245, "Kick-Butt": 2386, "Abandoned": 1463, "\"Love\"": 130, "Catching": 157, "MOST": 432, "Clifton": 106, "Saddest": 725, "101": 36, "Human": 273, "BOOKS": 49, "Not": 1124, "Top": 419, "Bad": 130, "Religion": 94, "How": 165, "Unforgettables": 2504, "Very": 502, "American": 182, "Younger": 624, "Romance": 2692, "All": 12061, "Novels": 167, "Book": 27, "Difficult": 96, "What's": 8146, "Transcendentalism": 66, "Challenging": 73, "Half": 267, "Good": 61, "Characters": 308, "MUST": 4430, "Harvard": 72, "Popsugar": 213, "Colorful": 80, "Boston": 265, "Cheap": 1187, "Bullying": 239, "So": 222, "Rory's": 92, "Couldn't": 10098, "Wordsworth": 52, "Everyone's": 4454, "Star-Crossed": 156, "2015:": 1549, "Forbidden": 88, "Kick-ass": 84, "Wise": 945, "Nineteenth": 29, "Surprise!": 208, "Unique": 418, "Strong": 374, "Oulipo,etc.": 272, "Victorian": 477, "Year": 15, "Hand": 134, "Witch": 22, "Influential": 177, "Summer": 539, "Worst": 68, "Mentioned": 15, "Historical": 59, "Proliferation": 39, "Becoming": 77, "Daily": 52, "My": 22, "Style": 127, "2017:": 776, "Penguin": 251, "Smart": 4489, "Unforgettable": 215, "Feel": 171, "Boil": 92, "Scandalous": 12, "Born": 64, "Early": 13, "1000": 28, "Dealbreakers:": 5384, "Shades": 35, "Authors": 12, "Heart": 1304, "Girl": 976, "Rebels": 36, "Guardian": 22, "Favourite": 96, "LibriVox": 54, "Popular": 2000, "Fiction": 14, "Judge": 10792, "Unexpected": 627, "Classic": 6, "READ": 2429, "Dressed": 53, "Downton": 17, "That": 24, "Original": 9784, "Waring": 37, "Fictional": 46, "Assigned": 41, "Middle": 11, "Justice": 36, "120": 8, "52": 211, "Project": 63, "Banned": 8, "Masters": 19, "H.": 8, "Women": 182, "Author's": 4, "Classic\u00b4s": 6, "Kat": 17, "Revenge": 277, "God": 32, "Great": 5, "Down": 573, "Proposed": 5, "50": 6, "H.S.": 3, "Patrick": 4, "Ms.": 6, "Before": 12, "Danna's": 3, "Subtle": 14, "Movies": 6}, "num_ratings": "776086", "num_reviews": "16621", "average_rating": "3.43", "rating_distribution": {"5 Stars": 147537, "4 Stars": 231862, "3 Stars": 245740, "2 Stars": 104838, "1 Star": 46109}}