{"book_id_title": "1371.The_Iliad", "book_id": "1371", "book_title": "The Iliad", "book_series": "", "book_series_uri": "", "isbn": "8497644905", "isbn13": "9788497644907", "year_first_published": "800", "author": "Homer", "num_pages": 683, "genres": ["Classics", "Poetry", "Fiction", "Fantasy > Mythology", "Literature", "Fantasy", "Historical > Historical Fiction", "Academic > School", "War", "Epic"], "shelves": {"to-read": 303642, "currently-reading": 21461, "classics": 14011, "poetry": 4442, "fiction": 3431, "mythology": 2435, "favorites": 2223, "owned": 1916, "classic": 1826, "own": 1674, "literature": 1177, "books-i-own": 1124, "fantasy": 968, "history": 889, "historical-fiction": 662, "school": 626, "greek": 577, "war": 483, "epic": 463, "owned-books": 430, "historical": 419, "kindle": 417, "greek-mythology": 415, "classic-literature": 378, "default": 325, "greece": 325, "library": 316, "ancient": 296, "ancient-greece": 288, "2021": 286, "my-library": 275, "adventure": 274, "read-for-school": 268, "2020": 267, "to-buy": 256, "classics-to-read": 256, "classical": 256, "favourites": 251, "tbr": 244, "physical-tbr": 240, "for-school": 228, "wishlist": 222, "my-books": 219, "2019": 213, "rory-gilmore-reading-challenge": 198, "college": 192, "audiobook": 187, "2018": 185, "epic-poetry": 184, "school-books": 183, "epics": 181, "antiquity": 179, "translated": 174, "adult": 159, "bookshelf": 157, "audiobooks": 157, "greek-literature": 155, "novels": 153, "dnf": 153, "high-school": 152, "2016": 151, "philosophy": 151, "classic-lit": 148, "2017": 144, "classical-literature": 139, "ebook": 138, "owned-tbr": 137, "on-hold": 133, "homer": 133, "cl\u00e1sicos": 132, "2022": 131, "ancient-history": 128, "books": 126, "re-read": 124, "i-own": 124, "abandoned": 122, "myth": 122, "home-library": 121, "ancient-literature": 119, "to-read-classics": 115, "the-classics": 114, "on-my-shelf": 114, "ancient-greek": 111, "rory-gilmore": 108, "classic-fiction": 108, "ancient-classics": 106, "unfinished": 104, "great-books": 104, "classics-tbr": 103, "tbr-classics": 102, "rory-gilmore-challenge": 102, "gilmore-girls": 99, "translation": 99, "2015": 98, "personal-library": 98, "ebooks": 97, "audio": 95, "my-bookshelf": 95, "own-it": 94, "2014": 93}, "lists": {"Books": 47, "The": 2, "Big": 7387, "Best": 5, "100": 2, "I": 3976, "Must": 4479, "Greek": 529, "About": 241, "David": 9, "I'm": 4917, "Classics": 42, "Read": 469, "Favourite": 350, "Classical": 5, "Works": 749, "Clifton": 106, "Penguin": 143, "Size": 396, "Mythology/Folklore": 210, "War": 15, "Major": 82, "Catching": 157, "Great": 199, "Fantasy": 534, "Pre-Tolkien": 332, "Literature": 5, "Favorite": 2, "Gilmore": 1, "Amazons,": 533, "Globe": 52, "Reddit": 781, "Homer:": 26, "Royal": 214, "UK": 607, "S&L": 1259, "Book": 27, "Around": 829, "World's": 114, "Appendix": 25, "Thickest": 2485, "Difficult": 96, "REALLY,": 326, "All": 9, "Greatest": 37, "ATY": 81, "Developing": 276, "Most": 41, "Adventure,": 50, "Heroes": 257, "Poetry": 495, "Star-Crossed": 156, "1,000": 69, "Waring": 37, "Glad": 399, "Revenge": 277, "Ancient": 18, "What": 831, "Project": 63, "Abandoned": 1463, "\"Helen\"": 20, "Is": 2682, "Thought": 408, "History": 167, "101": 36, "Authors": 102, "[ATY": 100, "Prepping": 11, "Websters": 6, "Seductive": 33, "2015:": 308, "GRE": 20, "1000": 28, "MOST": 432, "Glorious": 7, "Disappointing": 4587, "Pewdiepie's": 153, "\"start": 4, "Bravo!": 6, "FSU": 12, "Foreign": 2647, "Sonemic": 130, "Unforgettables": 2504, "Have": 12, "A": 4, "Illicit": 410, "Bokkluben": 5, "Some": 141, "Ten": 50, "Recommended": 5, "Black": 13, "Mortimer": 5, "Cult": 1822, "War,": 63, "How": 4, "Darkest": 1573, "When": 5, "Pompous": 139, "First": 7, "53": 6, "60": 10, "AP": 3, "Patrick": 5, "Full": 3, "My": 2, "Classic": 11, "Lalita's": 6, "YA": 38, "Myths": 211, "Required": 6, "Well-Rounded": 11, "\u062a\u0631\u0627\u062b": 5, "Historical": 3, "Start": 3, "Goodreads": 310, "Sacred": 7, "St.": 2, "Essential": 2, "BBC": 11, "Mononymous": 7, "Magdalen": 2, "Exeter": 3, "Bokkubben": 3, "Third": 27, "Hell": 15, "20": 8, "Proposed": 5, "Worst": 81, "J.": 2, "Indo-Europeans": 16, "25": 9, "US": 4, "Influential": 3, "books": 5, "Personal": 2, "MUST": 86, "English": 11, "2014": 38, "Oxbridge": 2, "50": 1, "Traditional": 13}, "num_ratings": "394312", "num_reviews": "8944", "average_rating": "3.89", "rating_distribution": {"5 Stars": 134252, "4 Stars": 129094, "3 Stars": 93144, "2 Stars": 27424, "1 Star": 10398}}