{"book_id_title": "14942.Mrs_Dalloway", "book_id": "14942", "book_title": "Mrs. Dalloway", "book_series": "", "book_series_uri": "", "isbn": "0156628708", "isbn13": "9780156628709", "year_first_published": "1925", "author": "Virginia Woolf", "num_pages": 194, "genres": ["Classics", "Fiction", "Literature", "Novels", "Feminism", "European Literature > British Literature", "Literature > 20th Century", "Literary Fiction", "Academic > School", "Literature > English Literature"], "shelves": {"to-read": 262044, "currently-reading": 17827, "classics": 9256, "fiction": 4767, "favorites": 3240, "owned": 1290, "own": 1246, "classic": 1092, "books-i-own": 1091, "literature": 770, "2021": 583, "novels": 562, "2020": 522, "favourites": 495, "feminism": 495, "british": 465, "20th-century": 401, "2019": 395, "owned-books": 362, "2018": 360, "book-club": 356, "1001-books": 356, "literary-fiction": 355, "english": 349, "british-literature": 334, "modernism": 333, "school": 319, "2017": 313, "library": 296, "novel": 284, "2016": 266, "dnf": 263, "tbr": 262, "classics-to-read": 258, "to-buy": 257, "2022": 256, "my-library": 256, "virginia-woolf": 252, "wishlist": 249, "english-literature": 247, "cl\u00e0ssics": 245, "kindle": 244, "abandoned": 243, "england": 240, "2014": 239, "2015": 233, "rory-gilmore-reading-challenge": 228, "classic-literature": 227, "modern-classics": 227, "physical-tbr": 225, "women": 218, "historical-fiction": 206, "audiobook": 193, "adult": 193, "1001": 192, "university": 178, "read-for-school": 177, "uni": 176, "1920s": 172, "female-authors": 171, "audiobooks": 170, "my-books": 168, "lgbt": 161, "london": 156, "uk": 156, "literary": 151, "2013": 148, "adult-fiction": 145, "default": 144, "did-not-finish": 143, "bookshelf": 143, "college": 141, "unfinished": 140, "ebook": 139, "female-author": 138, "lgbtq": 135, "for-school": 135, "1001-books-to-read-before-you-die": 132, "british-lit": 131, "classics-tbr": 130, "on-my-shelf": 129, "rory-gilmore": 127, "re-read": 125, "i-own": 125, "rory-gilmore-challenge": 122, "stream-of-consciousness": 122, "classic-lit": 120, "gilmore-girls": 119, "feminist": 119, "brit-lit": 114, "2012": 111, "audio": 110, "classici": 109, "owned-tbr": 109, "to-read-classics": 109, "classic-fiction": 109, "historical": 108, "general-fiction": 108, "women-writers": 108, "to-re-read": 104}, "lists": {"Best": 5, "The": 10, "Books": 2696, "1001": 12, "100": 4, "Women": 103, "Most": 18, "London": 24, "Must": 4285, "Writers": 273, "Jezebel's": 1494, "Great": 41, "Favorites": 1145, "I": 3976, "Strong": 786, "From": 61, "Time": 298, "Gilmore": 28, "Modernist": 59, "A": 4, "Suicide": 504, "(Not)": 151, "Bloomsbury": 43, "50": 60, "\"Family": 100, "Style": 127, "Book": 48, "Hey,": 265, "Stories": 25, "Postmodern": 569, "SZ-Bibliothek": 63, "Catching": 157, "Read": 1544, "Radcliffe's": 51, "Popsugar": 246, "Mr.": 75, "WWI\u2014The": 356, "Sonemic": 130, "Food-Related": 629, "Feel": 171, "Classics": 11, "Clifton": 106, "Wise": 945, "Harvard": 72, "40+": 108, "women": 277, "Couldn't": 10098, "Feminista's": 45, "Favorite": 42, "Midlife": 123, "Help": 86, "What": 54, "Let's": 27, "Literature": 122, "Los": 45, "Nouvelle": 254, "Desperate": 79, "GRE": 20, "Amazing": 75, "500": 120, "[ATY": 53, "How": 165, "Families": 42, "Publishing": 15, "International": 152, "Leituras": 83, "ATY": 56, "Judge": 10792, "Manic": 201, "War": 242, "Appreciating": 9, "All": 2232, "BBC": 11, "Your": 900, "2014:": 1061, "In": 57, "Newsweek": 14, "Calgary": 8, "Polyphonic": 13, "Absurdity": 49, "2016:": 191, "21": 11, "Girl": 12, "Mutlaka": 98, "AP": 3, "Os": 13, "By": 13, "World": 134, "Between-The-Wars": 16, "Unhappy": 339, "Novels": 235, "Unnecessary": 7, "Feminism": 13, "Guardian": 22, "what": 62, "MUST": 4430, "Names": 22, "Psychological": 18, "Patrick": 5, "Full": 3, "11": 3, "Joshua": 6, "Poetic": 8, "British": 17, "Must-reads": 13, "Good": 18, "Britlist": 15, "Want": 210, "Essential": 4, "Groundbreaking": 85, "Danna's": 3, "March": 6, "LibriVox": 54, "Recommended": 7, "Entertainment": 14, "My": 4, "St": 8, "Top": 2, "Depression": 527, "AbeBooks.com-100": 9, "Prescribed": 2, "Classic": 21, "Winter": 67, "Time's": 7, "Appendix": 15, "Ladies's": 10, "Bokkluben": 5, "Bisexual": 14, "Bravo!": 6, "St.": 3, "novels": 9, "Inspiring": 13, "Bokkubben": 3, "Pure": 3, "Penguin's": 7}, "num_ratings": "254147", "num_reviews": "12729", "average_rating": "3.79", "rating_distribution": {"5 Stars": 78696, "4 Stars": 84543, "3 Stars": 59930, "2 Stars": 21596, "1 Star": 9382}}