{"book_id_title": "18423.The_Left_Hand_of_Darkness", "book_id": "18423", "book_title": "The Left Hand of Darkness", "book_series": "Hainish Cycle", "book_series_uri": "/series/49359-hainish-cycle", "isbn": "0441478123", "isbn13": "9780441478125", "year_first_published": "1969", "author": "Ursula K. Le Guin", "num_pages": 304, "genres": ["Science Fiction", "Fiction", "Fantasy", "Classics", "Science Fiction Fantasy", "Feminism", "Speculative Fiction", "Novels", "LGBT", "Gender"], "shelves": {"to-read": 147526, "currently-reading": 10545, "science-fiction": 5760, "sci-fi": 4981, "fiction": 3122, "favorites": 2293, "fantasy": 1607, "scifi": 1126, "classics": 1044, "owned": 916, "own": 699, "sci-fi-fantasy": 612, "book-club": 576, "sf": 520, "2018": 396, "2021": 396, "2019": 368, "2020": 367, "books-i-own": 358, "feminism": 332, "speculative-fiction": 328, "novels": 274, "lgbt": 257, "scifi-fantasy": 252, "wishlist": 244, "audiobook": 241, "lgbtq": 236, "gender": 235, "dnf": 228, "favourites": 227, "classic": 224, "queer": 222, "fantasy-sci-fi": 220, "2017": 217, "library": 217, "abandoned": 199, "kindle": 191, "audiobooks": 179, "sff": 178, "2016": 167, "to-buy": 163, "adult": 161, "did-not-finish": 157, "2022": 156, "literature": 154, "series": 152, "hugo": 150, "science-fiction-fantasy": 144, "female-author": 141, "ebook": 138, "2015": 135, "hugo-award": 131, "owned-books": 130, "novel": 129, "2014": 127, "american": 123, "audio": 122, "default": 121, "bookclub": 117, "feminist": 117, "20th-century": 115, "sci-fi-and-fantasy": 114, "ciencia-ficci\u00f3n": 112, "hugo-winners": 112, "aliens": 108, "my-library": 107, "nebula": 106, "female-authors": 105, "audible": 104, "fantasy-scifi": 101, "lgbtqia": 98, "nebula-award": 94, "english": 87, "sf-fantasy": 87, "unfinished": 86, "1960s": 85, "speculative": 84, "ursula-k-le-guin": 81, "science": 80, "adult-fiction": 78, "women-authors": 76, "women": 73, "philosophy": 73, "tbr": 72, "space": 71, "2013": 71, "read-in-2018": 70, "to-read-fiction": 70, "ebooks": 69, "adventure": 69, "re-read": 68, "2012": 67, "recommended": 65, "hugo-award-winners": 65, "sf-masterworks": 64, "read-in-2021": 63, "read-in-2019": 63, "women-writers": 63, "wish-list": 61, "hugo-nebula": 59}, "lists": {"Best": 61, "Science": 3, "Favorite": 4299, "100": 12, "Books": 3, "Feminist": 52, "LGBTQ": 1489, "Non-Caucasian": 2673, "Nebula": 12, "Sci-Fi": 64, "Classic": 4, "S&L": 1259, "Jezebel's": 1494, "SF": 42, "Most": 880, "Left-wing": 254, "Tiptree": 80, "Diversity": 403, "Golden": 256, "The": 1, "SciFi": 1, "Philosophical": 422, "Speculative": 800, "Adult": 177, "Novels": 120, "Phobos": 260, "Women": 8, "Joint": 67, "/r/PrintSF": 35, "Non-Binary": 219, "Literary": 247, "Body": 158, "Cult": 1822, "I": 317, "Gender": 71, "White": 290, "Dystopias": 89, "James": 12, "Hermaphrodite": 104, "Fantasy": 549, "Mind-bending": 138, "Alien": 58, "Cutting-Edge": 65, "Out": 122, "Space": 425, "Trans*": 59, "Through": 184, "Geofiction:": 52, "Intriguing": 138, "Popsugar": 230, "Long": 236, "Award": 47, "Cli-Fi:": 498, "Old": 230, "Harvard": 72, "[ATY": 12, "Oceans,": 150, "Original": 9784, "Westeros": 45, "Worst": 75, "Counterpunch:": 22, "Light": 50, "NPR": 16, "Reddit's": 16, "All": 158, "Locus": 16, "Directions": 15, "Easton": 18, "ATY": 36, "Feminist/Black/": 13, "Touch": 14, "Ursula": 5, "Land": 67, "Book": 1, "Unbound": 8, "We": 87, "Romance": 206, "waiting": 17, "Displaced": 303, "Jo": 18, "Hugo": 1, "Monster": 104, "2015:": 512, "What": 489, "50": 8, "Catching": 157, "Popular": 48, "I'm": 4917, "Sight": 50, "Star": 68, "Candidates": 115, "Disappointing": 4587, "Coursera": 15, "Greatest": 90, "Top": 2, "No": 21, "Amazon\u2019s": 18, "My": 103, "BBC": 11, "Unconventional,": 411, "Flavorwire's": 17, "Future": 8, "Big": 22, "Essential": 15, "Social": 1406, "Authors": 20, "Ultimate": 142, "Over": 1747, "Evan's": 14, "Forbidden": 8, "Disturbing": 436, "Important": 13, "Approaches": 4, "Anti": 31, "Powell's": 8, "Beautiful": 251, "LOL_BOOKS": 9, "Hay": 4, "Born": 64, "75+": 6, "DCGQ": 2, "Darkest": 1573, "Modern": 6, "Appendix": 10, "Polar": 55, "NYPL": 8, "QBC": 3, "2020:": 825, "Shondaland's": 5, "Symbolic": 32, "Imaginative": 65, "Mogai": 25, "People": 41, "KiwiFoo": 3, "~*Top": 206, "Reddit": 41, "Queer": 85, "2019:": 860, "Leftist": 7, "Nonbinary": 17, "Reading": 251, "A": 2, "Diversify": 20, "r/SF_Book_Club": 1, "Inspiration": 4, "Captivating,": 40, "Refinery": 4, "Michael's": 1, "All-time": 2, "Required": 78, "OBCB": 1}, "num_ratings": "143655", "num_reviews": "11513", "average_rating": "4.09", "rating_distribution": {"5 Stars": 56642, "4 Stars": 53267, "3 Stars": 25188, "2 Stars": 6510, "1 Star": 2048}}