{"book_id_title": "1885.Pride_and_Prejudice", "book_id": "1885", "book_title": "Pride and Prejudice", "book_series": "", "book_series_uri": "", "isbn": "0553213105", "isbn13": "9780553213102", "year_first_published": "1813", "author": "Jane Austen", "num_pages": 279, "genres": ["Classics", "Fiction", "Romance", "Historical > Historical Fiction", "Literature", "Historical", "Novels", "Romance > Historical Romance", "Audiobook", "Adult"], "shelves": {"to-read": 1745085, "currently-reading": 173402, "classics": 58616, "favorites": 45063, "fiction": 16851, "romance": 14774, "classic": 9187, "owned": 6757, "own": 6708, "books-i-own": 6703, "favourites": 5079, "historical-fiction": 4464, "2021": 2867, "literature": 2814, "2020": 2649, "historical": 2614, "jane-austen": 2252, "owned-books": 1721, "all-time-favorites": 1662, "kindle": 1633, "audiobook": 1614, "novels": 1585, "2019": 1569, "tbr": 1558, "historical-romance": 1492, "audiobooks": 1486, "re-read": 1418, "adult": 1401, "classic-literature": 1315, "2018": 1306, "physical-tbr": 1297, "2016": 1252, "school": 1192, "2017": 1180, "19th-century": 1174, "dnf": 1151, "book-club": 1107, "my-books": 1101, "my-ebooks": 1086, "my-library": 1077, "british": 1058, "english": 1030, "2015": 1004, "favorite-books": 985, "5-stars": 974, "favorite": 965, "2022": 941, "novel": 920, "library": 901, "classics-to-read": 796, "british-literature": 770, "bookshelf": 764, "adult-fiction": 754, "2014": 749, "reread": 744, "ebook": 738, "cl\u00e1sicos": 734, "on-my-shelf": 734, "favoritos": 732, "audio": 730, "classici": 728, "favs": 725, "to-buy": 717, "england": 706, "faves": 703, "i-own": 688, "2013": 688, "1001-books": 684, "wishlist": 645, "regency": 621, "ebooks": 608, "audible": 594, "literary-fiction": 594, "enemies-to-lovers": 578, "austen": 578, "my-bookshelf": 560, "love": 558, "classic-lit": 554, "default": 553, "english-literature": 548, "abandoned": 543, "classic-fiction": 539, "high-school": 532, "2012": 522, "did-not-finish": 519, "chick-lit": 513, "my-favorites": 511, "read-for-school": 482, "all-time-favourites": 478, "on-hold": 453, "drama": 446, "books": 437, "on-my-bookshelf": 422, "favourite": 422, "the-classics": 421, "own-it": 419, "1001": 418, "read-in-2020": 416, "2011": 412, "klassiker": 410}, "lists": {"Best": 422, "Books": 3262, "All": 283, "100": 1893, "Favorite": 733, "The": 193, "1001": 466, "Must": 4479, "Read": 128, "What": 756, "Romance": 629, "CLEAN": 2130, "Literary": 2107, "I": 293, "PBS\u2019s": 2458, "My": 523, "I'm": 4917, "Couldn't": 10098, "ONE": 6112, "Slow-burn": 2545, "Jezebel's": 1494, "Love/Hate": 1440, "Goodreads": 89, "Favorites": 1145, "Character": 5187, "Strong": 786, "Clean": 727, "Slow": 335, "Male": 1205, "Young": 9155, "Men": 1388, "Fictional": 600, "Kick-Butt": 2386, "One": 885, "Classics": 510, "Girl": 976, "Great": 76, "Smart": 4489, "Gilmore": 520, "Historical": 1017, "MUST": 4430, "Literature": 727, "the": 597, "Required": 1193, "Unforgettables": 2504, "Characters": 738, "50": 203, "Starchy": 416, "A": 1074, "Chick": 1836, "UK": 607, "Most": 661, "Re-Readable": 1215, "Recommended": 1184, "DCPL": 1750, "Stories": 4343, "Everyone's": 4454, "Romances": 499, "You": 1997, "Dramatic": 1036, "Suggested": 1744, "Both": 321, "Light": 885, "Seasonal": 571, "Controlling/Sexy/Possessive": 6439, "Very": 502, "Love-Hate": 468, "Head": 655, "Hunks": 312, "Wise": 945, "Funniest": 2112, "Hero": 267, "Jane": 143, "True": 236, "Fairytale": 261, "Fantastic": 739, "\"Love\"": 130, "Italiano": 345, "Witty/Funny": 710, "I've": 465, "\u0623\u0641\u0636\u0644": 2079, "If": 434, "Is": 2682, "Women": 162, "Greatest": 245, "Catching": 157, "Dealbreakers:": 5384, "What's": 8146, "Popular": 2000, "Featuring": 704, "Enemies": 402, "Sweet": 256, "Interesting,": 328, "Gotta": 1895, "Novels": 136, "Classic": 52, "Family": 876, "Feminist": 207, "\u201cSister\u201d": 182, "Which": 981, "Kick-ass": 84, "6": 1194, "Humorous": 6744, "Your": 1315, "Uplifting": 279, "Hey,": 265, "Favourite": 1234, "Dresses": 2053, "BBC": 98, "Disinterested": 149, "Unforgettable": 67, "best": 179, "women": 277, "Clean/Secular/Non": 151, "Popsugar": 178, "YA": 2642, "Competent": 280, "Five": 457, "Glad": 399, "books": 79, "Free": 455, "2014:": 569, "'I": 839, "Top": 311, "LDS": 325, "Heartwarmers": 296, "Dealbreaker": 211, "Clifton": 106, "Unmistakably": 350, "2016:": 691, "Project": 102, "Amazon's": 101, "\"Bucket": 262, "Harvard": 72, "Candidates": 115, "GOOD": 66, "Sink": 119, "Star-Crossed": 156, "GREAT": 155, "We": 1034, "Titles": 114}, "num_ratings": "3546725", "num_reviews": "85206", "average_rating": "4.28", "rating_distribution": {"5 Stars": 1935679, "4 Stars": 961336, "3 Stars": 431353, "2 Stars": 130080, "1 Star": 88277}}