{"book_id_title": "1934.Little_Women", "book_id": "1934", "book_title": "Little Women", "book_series": "Little Women #1", "book_series_uri": "/series/191497-little-women", "isbn": "0517214628", "isbn13": "9780517214626", "year_first_published": "1869", "author": "Louisa May Alcott", "num_pages": 449, "genres": ["Classics", "Fiction", "Historical > Historical Fiction", "Young Adult", "Romance", "Historical", "Literature", "Childrens", "Classics > Classic Literature", "Audiobook"], "shelves": {"classics": 33974, "to-read": 27783, "favorites": 13321, "fiction": 9627, "classic": 5425, "books-i-own": 3815, "own": 3700, "historical-fiction": 3625, "owned": 3543, "young-adult": 2938, "2020": 2822, "romance": 2074, "favourites": 1577, "historical": 1373, "2021": 1259, "2019": 1188, "literature": 1135, "tbr": 1127, "childrens": 1041, "kindle": 1034, "currently-reading": 1029, "physical-tbr": 1023, "ya": 959, "book-club": 954, "childhood": 909, "owned-books": 881, "dnf": 779, "children": 759, "cl\u00e0ssics": 755, "audiobook": 749, "classic-literature": 740, "audiobooks": 725, "novels": 670, "19th-century": 637, "my-books": 613, "classics-to-read": 596, "coming-of-age": 587, "my-library": 585, "all-time-favorites": 556, "to-buy": 555, "2022": 552, "childhood-favorites": 549, "library": 526, "children-s": 525, "re-read": 496, "wishlist": 487, "series": 484, "1001-books": 477, "2018": 473, "on-my-shelf": 466, "american-literature": 452, "children-s-books": 449, "read-in-2020": 448, "american": 442, "family": 419, "bookshelf": 408, "did-not-finish": 402, "my-ebooks": 395, "ebook": 391, "novel": 384, "2017": 380, "owned-tbr": 379, "audio": 376, "feminism": 367, "i-own": 361, "women": 349, "abandoned": 346, "favorite-books": 343, "my-bookshelf": 337, "cl\u00e1sicos": 336, "classics-tbr": 331, "classic-lit": 330, "ebooks": 328, "english": 316, "reread": 307, "5-stars": 296, "2016": 295, "drama": 295, "2015": 292, "rory-gilmore-reading-challenge": 290, "classic-fiction": 283, "2020-reads": 282, "literary-fiction": 277, "adult": 275, "1001": 273, "favs": 267, "audible": 264, "kids": 263, "chick-lit": 263, "american-lit": 257, "on-my-bookshelf": 256, "the-classics": 253, "great-american-read": 252, "louisa-may-alcott": 249, "my-favorites": 247, "books-i-have": 246, "favorite": 246, "read-2020": 245, "school": 245, "default": 242}, "lists": {"Books": 1417, "Best": 732, "100": 1553, "Favorite": 1299, "What": 1818, "The": 85, "1001": 72, "Must": 29, "Children's": 257, "Read": 5551, "PBS\u2019s": 2458, "I": 1353, "Literary": 2107, "Stories": 4343, "Jezebel's": 1494, "CLEAN": 2130, "Top": 311, "Girl": 976, "ONE": 6112, "Favorites": 1145, "Strong": 786, "Unforgettables": 2504, "Downton": 1043, "Classics": 96, "Gilmore": 520, "All": 1082, "50": 875, "Causes": 3608, "One": 885, "UK": 607, "New": 341, "Literature": 122, "Kick-Butt": 2386, "My": 930, "Most": 978, "Couldn't": 10098, "Great": 75, "\u201cSister\u201d": 182, "Seasonal": 571, "Size": 38, "Big": 7387, "READ": 2429, "Winter": 67, "Novels": 235, "MUST": 4430, "the": 597, "Women": 117, "Classic": 85, "Heartwarmers": 296, "Younger": 624, "Wise": 945, "Abandoned": 1463, "I've": 465, "Teen": 62, "A": 472, "Fictional": 126, "Unrequited": 179, "Coming": 711, "Recommended": 1184, "Who": 533, "Both": 321, "Catching": 157, "Required": 1193, "Planning": 185, "\"Family": 100, "Re-Readable": 1215, "Popsugar": 37, "Kick-ass": 84, "Fiction": 130, "Very": 502, "Middle": 587, "Project": 102, "American": 175, "Male": 1205, "Smart": 4489, "Two": 859, "Harvard": 72, "Sisterhood": 142, "Non-Bratty,": 271, "Christian": 523, "LDS": 325, "Romance": 2692, "In": 229, "women": 277, "19th": 51, "Months": 59, "BBC": 105, "What's": 8146, "2020:": 825, "Everyone's": 4454, "Transcendentalism": 66, "1,000": 69, "Rory's": 92, "Dealbreakers-If": 261, "Domestic": 95, "[ATY": 88, "Favourite": 1234, "2012:": 782, "Mid-Winter": 97, "Fantastic": 739, "Huffington": 80, "Awesome": 918, "Born": 64, "best": 83, "Can't": 93, "Old-School": 156, "Red": 129, "Little": 216, "TBC": 463, "Reconstruction": 130, "Girls": 38, "J\u00e1": 167, "Titles": 80, "To": 769, "Amazing": 218, "Unforgettable": 215, "Clean/Secular/Non": 151, "books": 568, "Series": 3151, "Proliferation": 39, "Speculative": 800, "Family": 876, "Popular": 418, "2014:": 1061, "FIFTY": 69, "Developing": 276, "Why": 288, "DCPL": 1750, "Writers": 101, "Nevertheless,": 59, "Random": 469, "Historical": 553, "Chick": 1836, "2017:": 776, "Feminine": 31, "Your": 110, "MOST": 432, "90s": 104, "Boston": 265, "Free": 455, "Loved": 126, "2019:": 860, "Featuring": 704, "Fairytale": 261, "Puffin": 38, "Forgotten": 33, "Adult": 132, "Characters": 822, "Nineteenth": 29, "\"Josephine\"": 14, "DCPL's": 117, "Wonderful": 30, "That": 83}, "num_ratings": "1913892", "num_reviews": "38412", "average_rating": "4.12", "rating_distribution": {"5 Stars": 847648, "4 Stars": 613195, "3 Stars": 325083, "2 Stars": 87579, "1 Star": 40387}}