{"book_id_title": "2657.To_Kill_a_Mockingbird", "book_id": "2657", "book_title": "To Kill a Mockingbird", "book_series": "To Kill a Mockingbird", "book_series_uri": "/series/255474-to-kill-a-mockingbird", "isbn": "1439550417", "isbn13": "9781439550410", "year_first_published": "1960", "author": "Harper Lee", "num_pages": 336, "genres": ["Classics", "Fiction", "Historical > Historical Fiction", "Academic > School", "Literature", "Young Adult", "Historical", "Academic > Read For School", "Novels", "Young Adult > High School"], "shelves": {"to-read": 1889746, "currently-reading": 72875, "classics": 51042, "favorites": 38944, "fiction": 25065, "classic": 8414, "historical-fiction": 7647, "own": 5798, "owned": 5770, "books-i-own": 5484, "school": 4412, "favourites": 3892, "literature": 3214, "young-adult": 3088, "historical": 2015, "read-for-school": 2000, "novels": 1985, "2015": 1911, "book-club": 1848, "owned-books": 1588, "2020": 1555, "school-books": 1462, "all-time-favorites": 1454, "2021": 1448, "high-school": 1445, "re-read": 1412, "2016": 1385, "for-school": 1369, "2019": 1268, "coming-of-age": 1215, "2018": 1188, "2017": 1133, "classic-literature": 1108, "to-buy": 1101, "american": 1082, "favorite-books": 1069, "american-literature": 1054, "novel": 1053, "library": 1043, "pulitzer": 1026, "my-books": 1019, "literary-fiction": 999, "wishlist": 984, "adult": 969, "ya": 946, "my-library": 928, "2014": 848, "english": 844, "audiobook": 842, "audiobooks": 817, "favorite": 782, "adult-fiction": 780, "tbr": 779, "school-reads": 769, "drama": 765, "5-stars": 761, "realistic-fiction": 743, "modern-classics": 733, "1001-books": 727, "to-re-read": 725, "cl\u00e0ssics": 708, "pulitzer-prize": 702, "20th-century": 692, "reread": 684, "banned-books": 649, "2013": 644, "general-fiction": 630, "history": 610, "classics-to-read": 599, "racism": 596, "read-in-school": 591, "books": 587, "default": 575, "bookshelf": 567, "race": 566, "audio": 556, "kindle": 555, "southern": 552, "2022": 550, "read-again": 541, "i-own": 537, "childhood": 537, "american-lit": 535, "on-my-shelf": 532, "classic-fiction": 532, "my-favorites": 518, "faves": 509, "classic-lit": 506, "must-read": 506, "read-in-2015": 502, "usa": 463, "school-reading": 454, "physical-tbr": 444, "my-bookshelf": 431, "favs": 427, "required-reading": 426, "1001": 420, "crime": 419, "2012": 419, "to-reread": 418}, "lists": {"Best": 78, "Books": 170, "100": 151, "1001": 1023, "Must": 261, "The": 103, "I'm": 4917, "PBS\u2019s": 2458, "Read": 447, "I": 2455, "What": 1818, "Favorite": 181, "Pulitzer": 238, "Quirky": 1982, "Required": 1193, "Smart": 4489, "Couldn't": 10098, "Stories": 4343, "What's": 8146, "Fantastic": 739, "Favorites": 1145, "Jezebel's": 1494, "50": 203, "Teen": 2984, "Unforgettables": 2504, "Cult": 1822, "YA": 4480, "Everyone's": 4454, "Top": 311, "ONE": 6112, "One": 885, "All": 1082, "Great": 709, "Social": 1406, "MUST": 4430, "Literature": 345, "Children's": 3407, "Time": 298, "Coming": 450, "Developing": 276, "Strong": 1490, "Recommended": 400, "Over": 1747, "Gilmore": 82, "Most": 880, "UK": 607, "Re-Readable": 1215, "A": 472, "Seasonal": 571, "Banned": 156, "Glad": 399, "2015:": 512, "Very": 502, "Kick-Butt": 2386, "Reddit": 781, "READ": 2429, "Classics": 96, "Works": 749, "Historical": 553, "American": 175, "Fiction/Novels": 341, "Around": 937, "Modern-day": 168, "AP": 202, "Which": 981, "Catching": 157, "Not": 1124, "Women": 162, "EVERYONE": 414, "Book": 85, "Both": 321, "Your": 849, "You're": 1241, "TBC": 463, "2012:": 782, "books": 79, "\"Bucket": 262, "Hey,": 265, "\"Crime\"": 133, "Hardest": 1322, "Juvenile": 110, "Light": 885, "BOOKS": 706, "BBC": 105, "LDS": 325, "Who": 533, "Is": 2682, "Thought": 408, "These": 166, "Trees": 170, "Amazon's": 101, "Wise": 945, "My": 2729, "Influential": 177, "2016:": 691, "Alabama": 119, "4": 124, "women": 277, "Dealbreakers-If": 261, "Interesting,": 328, "Racial,": 145, "Girl": 976, "Oxford": 89, "Adult": 132, "Characters": 738, "Judge": 10792, "Southern": 234, "Disappointing": 4587, "2011:": 451, "101": 105, "Six": 775, "Forced": 554, "\u0643\u062a\u0628": 1880, "Human": 273, "Uplifting": 279, "2019:": 860, "the": 597, "Goodreads": 1043, "Species": 160, "Totally": 797, "Saddest": 725, "Beautifully": 199, "Law": 173, "Thrillers": 2760, "Favourite": 1234, "Black": 479, "Harvard": 72, "Birds": 148, "Popsugar": 124, "I've": 465, "Refreshing": 182, "Novels": 93, "Classic": 39, "New": 67, "I'LL": 238, "Middle": 587}, "num_ratings": "5201737", "num_reviews": "101921", "average_rating": "4.27", "rating_distribution": {"5 Stars": 2720100, "4 Stars": 1542200, "3 Stars": 668479, "2 Stars": 175524, "1 Star": 95434}}