{"book_id_title": "320.One_Hundred_Years_of_Solitude", "book_id": "320", "book_title": "One Hundred Years of Solitude", "book_series": "", "book_series_uri": "", "isbn": "8420471836", "isbn13": "9788420471839", "year_first_published": "1967", "author": "Gabriel Garc\u00eda M\u00e1rquez", "num_pages": 417, "genres": ["Fiction", "Classics", "Magical Realism", "Literature", "Novels", "Fantasy", "Historical > Historical Fiction", "European Literature > Spanish Literature", "Literary Fiction", "Cultural > Latin American"], "shelves": {"to-read": 827786, "currently-reading": 42401, "favorites": 11762, "fiction": 11376, "classics": 10385, "magical-realism": 3474, "owned": 2242, "own": 2052, "literature": 1646, "classic": 1481, "books-i-own": 1430, "novels": 1319, "fantasy": 1298, "historical-fiction": 1144, "favourites": 1059, "2020": 859, "2021": 854, "novel": 763, "latin-america": 763, "abandoned": 738, "book-club": 707, "spanish": 706, "dnf": 694, "magic-realism": 603, "literary-fiction": 600, "wishlist": 597, "owned-books": 586, "to-buy": 576, "2019": 572, "colombia": 546, "library": 528, "2018": 517, "did-not-finish": 511, "latin-american": 500, "2017": 484, "unfinished": 464, "my-library": 446, "1001-books": 444, "2016": 420, "translated": 402, "2022": 400, "favoritos": 398, "tbr": 378, "south-america": 347, "default": 343, "2015": 338, "2014": 336, "20th-century": 334, "classics-to-read": 327, "espa\u00f1ol": 322, "modern-classics": 315, "audiobook": 313, "my-books": 308, "\u0631\u0648\u0627\u064a\u0627\u062a": 296, "nobel": 286, "adult": 276, "latin-american-literature": 272, "1001": 266, "nobel-prize": 264, "all-time-favorites": 261, "historical": 251, "physical-tbr": 249, "cl\u00e1sicos": 248, "kindle": 245, "favorite": 245, "audiobooks": 244, "adult-fiction": 239, "favorite-books": 236, "must-read": 234, "re-read": 233, "didn-t-finish": 232, "classic-literature": 232, "literary": 228, "on-my-shelf": 227, "bookshelf": 225, "spanish-literature": 218, "rory-gilmore-reading-challenge": 214, "contemporary": 214, "general-fiction": 214, "to-read-fiction": 209, "great-american-read": 206, "romance": 204, "gabriel-garcia-marquez": 202, "to-re-read": 195, "translation": 189, "on-hold": 186, "wish-list": 186, "i-own": 182, "2013": 181, "lit": 179, "favs": 176, "never-finished": 174, "home-library": 174, "to-read-classics": 172, "novela": 170, "to-reread": 170, "drama": 169, "1001-books-to-read-before-you-die": 166, "colombian": 164, "school": 163}, "lists": {"Best": 117, "Books": 21, "Favorite": 181, "The": 11, "100": 44, "1001": 23, "Latin": 39, "I": 2047, "Oprah's": 2285, "Libros": 615, "Most": 8474, "Goodreads": 1043, "Must": 326, "Nobel": 531, "\u0643\u062a\u0628": 562, "Magical": 667, "Abandoned": 1463, "PBS\u2019s": 2458, "\u0623\u0641\u0636\u0644": 1136, "Stories": 4343, "Disappointing": 4587, "Read": 57, "Favorites": 1145, "Le": 29, "Mejores": 239, "Recommended": 1184, "What": 2072, "50": 60, "I'm": 4917, "Family": 876, "Around": 28, "Highbrow": 631, "Las": 130, "Italiano": 345, "\u06a9\u062a\u0627\u0628": 693, "Cult": 1822, "Literary": 739, "\u062e\u0637\u0629": 840, "Postmodern": 92, "Big": 7387, "Historical": 129, "Trippy": 957, "Gilmore": 31, "Metafiction": 546, "Is": 2682, "Reddit": 781, "Popsugar": 219, "Greenest": 595, "Translated": 175, "You": 1997, "Non-American": 510, "Latinoamerica": 52, "Everyone's": 4454, "In": 229, "Neustadt": 38, "Sonemic": 130, "Feel": 171, "Nothing": 182, "Catching": 157, "Let's": 605, "Donald": 67, "BBC": 105, "Modern-Day": 359, "[ATY": 127, "A": 24, "Book": 28, "Thickest": 2485, "Half": 267, "Couldn't": 10098, "2014:": 569, "Unconventional,": 411, "Invented": 49, "Style": 127, "What's": 8146, "Brilliant": 440, "War": 69, "Hispanic": 73, "Time": 74, "All": 9, "Dynasties": 58, "Clifton": 106, "Flavorwire's": 32, "Jess": 43, "Globe": 52, "Six": 775, "MUST": 4430, "Literature": 727, "Boston": 84, "\u06a9\u062a\u0627\u0628\u200c\u0647\u0627\u06cc": 294, "Unforgettables": 2504, "New": 3281, "Classics": 96, "Top": 773, "Exploring": 213, "AP": 202, "\u0623\u0643\u062b\u0631": 406, "Speculative": 409, "Judge": 10792, "Harvard": 72, "Non-Western": 78, "DIFFICULT": 68, "Hardest": 1322, "Favourite": 96, "Commonly": 511, "Smart": 4489, "READ": 2429, "Refreshing": 182, "Los": 45, "101": 105, "Popular": 2000, "52": 44, "Keskisuomalaisen": 37, "Transcultural": 263, "500": 120, "There": 1127, "Beautifully": 199, "Worst": 66, "4": 272, "FIFTY": 69, "Westeros": 45, "Readercon": 30, "To": 769, "Titles": 114, "Thrillers": 4174, "30": 70, "Authors": 64, "Argentinos": 52, "UK": 607, "Re-Readable": 1215, "Help": 86, "Counterpunch:": 22, "Saddest": 725, "Your": 900, "PBS": 36, "Great": 102, "My": 39, "Good": 59, "Bucket": 70, "Leituras": 245, "1000": 28, "Newsweek": 14, "FSU": 12, "Hundreds": 14, "List": 10, "\"I've": 1368, "IS:n": 26, "Jews": 360, "Sword": 1412, "Task": 19, "Literatura": 16, "85": 16, "Paranormal,": 489, "Original": 9784, "Tips": 12}, "num_ratings": "843643", "num_reviews": "36084", "average_rating": "4.10", "rating_distribution": {"5 Stars": 410279, "4 Stars": 225570, "3 Stars": 122590, "2 Stars": 50681, "1 Star": 34523}}