{"book_id_title": "36529.Narrative_of_the_Life_of_Frederick_Douglass", "book_id": "36529", "book_title": "Narrative of the Life of Frederick Douglass", "book_series": "The Autobiographies #1", "book_series_uri": "/series/114730-the-autobiographies", "isbn": "0486284999", "isbn13": "9780486284996", "year_first_published": "1845", "author": "Frederick Douglass", "num_pages": 158, "genres": ["Nonfiction", "History", "Classics", "Biography", "Autobiography > Memoir", "Academic > School", "Biography > Autobiography", "Cultural > African American", "North American Hi... > American History", "Academic > Read For School"], "shelves": {"to-read": 104145, "currently-reading": 5120, "non-fiction": 2013, "history": 1928, "classics": 1738, "biography": 1345, "nonfiction": 1327, "memoir": 743, "favorites": 500, "school": 476, "own": 441, "autobiography": 437, "owned": 373, "african-american": 316, "books-i-own": 302, "american-history": 275, "biographies": 263, "read-for-school": 258, "race": 254, "historical": 254, "biography-memoir": 238, "classic": 222, "memoirs": 219, "slavery": 212, "2021": 185, "2020": 179, "for-school": 164, "school-books": 142, "19th-century": 135, "2017": 124, "college": 116, "library": 113, "kindle": 107, "american": 107, "literature": 106, "2018": 102, "audiobook": 100, "2019": 99, "american-literature": 98, "memoir-biography": 95, "politics": 94, "audiobooks": 90, "american-lit": 90, "owned-books": 89, "high-school": 86, "my-library": 85, "black-history": 82, "adult": 79, "default": 76, "civil-war": 72, "african-american-literature": 72, "biography-autobiography": 71, "school-reads": 71, "black-authors": 68, "2016": 68, "bio": 66, "auto-biography": 63, "america": 62, "2022": 61, "ebook": 60, "social-justice": 59, "audio": 59, "us-history": 58, "biographies-memoirs": 58, "uni": 58, "my-books": 54, "2015": 54, "autobiography-memoir": 53, "biographical": 52, "2014": 52, "2013": 52, "university": 52, "civil-rights": 49, "racism": 48, "usa": 47, "african-american-lit": 47, "wishlist": 46, "autobiographies": 45, "african-american-history": 45, "classic-literature": 45, "anti-racism": 44, "ebooks": 44, "school-reading": 44, "black": 43, "biography-and-memoir": 42, "memoir-autobiography": 41, "home-library": 41, "required-reading": 41, "bookshelf": 41, "to-buy": 40, "book-club": 40, "authors-of-color": 38, "bio-memoir": 38, "political": 37, "11th-grade": 35, "books-for-school": 34, "1800s": 33, "non-fic": 33, "african-american-studies": 33, "english": 33}, "lists": {"Books": 2354, "Best": 919, "100": 10016, "Black": 10, "Must": 326, "Biography": 7, "#BlackLivesMatter": 281, "Slavery": 9, "Memoirs": 757, "African": 349, "Favorite": 384, "Essential": 513, "Non-fiction": 1223, "favorite": 902, "Inspiring": 893, "Required": 1193, "Social": 1406, "Racial,": 145, "You": 1732, "The": 255, "Classics": 2, "Most": 942, "Interesting": 1257, "Totally": 797, "Microhistory:": 2461, "Read": 5551, "#ReadPOC:": 233, "101": 36, "Thought": 956, "All": 2232, "Life": 1120, "Couldn't": 10098, "Quick": 884, "Project": 102, "Hardest": 1322, "I": 2101, "Literature": 727, "Human": 273, "AP": 1, "Primary": 26, "Titles": 80, "Wanted": 41, "Reading": 53, "Becoming": 77, "Stories": 4343, "MUST": 4430, "Smart": 4489, "Unique": 593, "Ta-Nehisi": 5, "Catching": 157, "Great": 14, "Transcendentalism": 66, "Re-Readable": 1215, "Glad": 399, "Tolstoy": 12, "Authors": 10, "God": 32, "Oxford": 26, "Bloomsbury": 31, "Civil": 27, "MEA": 3, "I'm": 4917, "Names": 50, "Omaha": 2, "ATY": 56, "Nonfiction": 31, "Visible": 2, "What": 392, "Outline": 2, "Africa": 75, "Around": 17, "Book": 16, "Mensa": 1, "South": 1, "Bucket": 3, "Marva": 2, "greatest": 6, "AOM": 4, "Top": 4, "\"Gumption\"": 1, "Rhetoric": 48, "By": 9, "Lousy": 33, "How": 1, "Appendix": 16, "Bibles": 180, "Kepner": 4, "GRE": 7, "Multicultural": 13, "Novels": 158, "11A": 2, "Original": 9784, "Amazon's": 10, "Game": 1, "'IMPORTANT'": 3, "History": 3, "High": 2, "True": 15, "Lit": 1, "Suggested": 1, "1000": 14, "Sophomore": 1, "Gagie": 1, "Well": 3, "1,000": 69, "Ethnic/Cultural": 58, "An": 54, "Mary": 2, "Magdalen": 2, "D.": 1, "#H3": 1, "Understanding": 1, "RbDigital": 1, "Stephen's": 3, "Dismantle": 2, "Delmarva": 2, "Antebellum": 10, "Kiah": 1, "[ATY": 91, "This": 59, "2020:": 825, "\u10d0\u10e0\u10d0\u10db\u10ee\u10d0\u10e2\u10d5\u10e0\u10e3\u10da\u10d8": 29, "Recommendations": 1, "Popsugar": 50, "Politics": 430, "Beginning": 1, "Happiness": 3, "Your": 110, "American": 1, "Recommended": 1137, "Winter": 657, "BEST": 371, "Which": 21, "Task": 7, "You're": 1241, "Junior": 2}, "num_ratings": "109256", "num_reviews": "5499", "average_rating": "4.07", "rating_distribution": {"5 Stars": 46463, "4 Stars": 35501, "3 Stars": 18724, "2 Stars": 5429, "1 Star": 3139}}