{"book_id_title": "38447.The_Handmaid_s_Tale", "book_id": "38447", "book_title": "The Handmaid's Tale", "book_series": "The Handmaid's Tale  #1", "book_series_uri": "/series/249878-the-handmaid-s-tale", "isbn": "isbn not found", "isbn13": "isbn13 not found", "year_first_published": "1985", "author": "Margaret Atwood", "num_pages": 314, "genres": ["Fiction", "Classics", "Science Fiction > Dystopia", "Science Fiction", "Feminism", "Fantasy", "Adult", "Audiobook", "Literature", "Novels"], "shelves": {"to-read": 1055471, "currently-reading": 140157, "fiction": 18031, "favorites": 15465, "classics": 13008, "dystopian": 8142, "dystopia": 7908, "science-fiction": 6230, "2017": 4907, "sci-fi": 4227, "feminism": 3982, "owned": 3945, "own": 3679, "books-i-own": 3399, "2018": 3231, "book-club": 3081, "2019": 2848, "2020": 2712, "favourites": 2022, "2021": 1944, "classic": 1879, "fantasy": 1857, "adult": 1505, "audiobook": 1485, "audiobooks": 1370, "kindle": 1319, "literature": 1287, "novels": 1188, "read-in-2017": 1117, "canadian": 1081, "literary-fiction": 995, "feminist": 993, "adult-fiction": 978, "library": 941, "dnf": 898, "owned-books": 897, "2016": 890, "speculative-fiction": 881, "scifi": 851, "wishlist": 794, "audible": 777, "2015": 746, "school": 727, "tbr": 715, "audio": 709, "ebook": 690, "to-buy": 685, "women": 682, "kindle-unlimited": 662, "sci-fi-fantasy": 608, "1001-books": 604, "my-library": 582, "read-in-2018": 581, "canada": 580, "read-2017": 565, "novel": 565, "2014": 555, "contemporary": 554, "re-read": 552, "bookclub": 541, "english": 521, "abandoned": 510, "modern-classics": 509, "physical-tbr": 502, "my-books": 484, "2022": 481, "read-in-2019": 475, "did-not-finish": 474, "2013": 469, "all-time-favorites": 468, "distopia": 461, "general-fiction": 448, "post-apocalyptic": 447, "dystopian-fiction": 446, "series": 436, "ebooks": 434, "20th-century": 425, "female-authors": 409, "on-my-shelf": 402, "bookshelf": 402, "contemporary-fiction": 398, "sf": 391, "read-in-2020": 383, "religion": 375, "margaret-atwood": 371, "female-author": 369, "5-stars": 366, "audio-books": 362, "read-2018": 360, "banned-books": 355, "literary": 353, "2012": 345, "reread": 343, "i-own": 343, "read-for-school": 340, "horror": 334, "1001": 331, "drama": 330, "favorite-books": 329, "our-shared-shelf": 316}, "lists": {"Best": 46, "Books": 883, "100": 72, "The": 31, "Dystopia!": 2731, "1001": 466, "PBS\u2019s": 2458, "Science": 93, "Jezebel's": 1494, "Kindle": 386, "What": 1424, "Feminist": 52, "I'm": 4917, "This": 1556, "Couldn't": 10098, "Quality": 2629, "What's": 8146, "Social": 1406, "Suggested": 1744, "Sci-Fi": 3752, "Canadian": 615, "Most": 661, "Women": 103, "Smart": 4489, "Darkest": 1573, "Speculative": 800, "Sword": 1331, "Favorites": 1145, "Apocalypse:": 796, "50": 1665, "Developing": 276, "Cult": 1822, "2017:": 207, "Non-Winners": 240, "Amazon": 960, "Strong": 786, "Favorite": 479, "2018:": 321, "Entertainment": 253, "Top": 311, "S&L": 1259, "Reading": 251, "Read": 469, "Interesting,": 328, "Great": 66, "Epistolary": 772, "Classic": 234, "Must": 4479, "A": 472, "Disappointing": 4587, "Left-wing": 254, "Stories": 4343, "Patriarchal": 85, "Apocalypses": 735, "Wonderful": 570, "Everyone's": 4454, "Philosophical": 422, "Unforgettables": 2504, "Fiction/Novels": 341, "UK": 607, "Popsugar": 154, "Arthur": 22, "Settings": 245, "SciFi": 223, "Book": 61, "Trippy": 957, "Adult": 177, "Wise": 945, "I": 2047, "Boston": 265, "(Not)": 151, "Refreshing": 182, "Required": 1193, "Seasonal": 571, "adult": 153, "Dystopias": 89, "If": 1550, "Male": 1109, "Highbrow": 631, "Modern-day": 168, "Body": 158, "SF": 355, "Dystopian": 88, "AP": 202, "Breaking": 348, "women": 277, "Paranormal": 718, "Metafiction": 546, "All": 235, "Suicide": 504, "Your": 900, "MUST": 4430, "Literary": 247, "2019:": 860, "Masters": 100, "/r/PrintSF": 224, "Over": 1747, "Awesome": 54, "Canada": 61, "Scariest": 803, "Religion": 94, "Decent": 376, "2014:": 1061, "Literature": 345, "Conspiracy": 1278, "Governor": 38, "Candidates": 115, "World": 20, "2012:": 782, "Illicit": 410, "One": 885, "Let's": 605, "We": 1034, "2016:": 691, "Oh,": 466, "Kick-Butt": 2386, "Dystopics,": 97, "Teen": 161, "Want": 210, "Earth": 67, "ATY": 71, "READ": 2429, "Third-Wave": 68, "In": 75, "Classics": 96, "BBC": 105, "Jobs,": 56, "Amazon's": 101, "Post-apocalyptic": 330, "Weird,": 256, "Sisterhood": 142, "ALA": 126, "2011:": 451, "[ATY": 88, "Recomendaciones": 104, "Feminista's": 45, "My": 43, "With": 253, "500": 52, "Amazing": 260, "Prison": 230, "Bizarre": 384, "Harvard": 72, "Pro-Choice": 63, "Flavorwire's": 20, "Banned": 156, "Powerful": 209, "Beautifully": 199, "Utopian/Dystopian": 70, "intelligent": 72, "Works": 78, "Five": 457, "Mundane": 39, "Those": 53, "Born": 87, "Debbie": 44, "Human": 273, "These": 166, "Help": 86, "2017": 42, "the": 597, "Bibles": 180, "Bloomsbury": 31}, "num_ratings": "1713663", "num_reviews": "80731", "average_rating": "4.12", "rating_distribution": {"5 Stars": 734195, "4 Stars": 604749, "3 Stars": 264266, "2 Stars": 73758, "1 Star": 36695}}