{"book_id_title": "4671.The_Great_Gatsby", "book_id": "4671", "book_title": "The Great Gatsby", "book_series": "", "book_series_uri": "", "isbn": "0684801523", "isbn13": "9780684801520", "year_first_published": "1925", "author": "F. Scott Fitzgerald", "num_pages": 200, "genres": ["Classics", "Fiction", "Academic > School", "Historical > Historical Fiction", "Literature", "Romance", "Novels", "Academic > Read For School", "Young Adult > High School", "Literature > American"], "shelves": {"currently-reading": 54020, "classics": 52056, "favorites": 27166, "fiction": 22793, "classic": 7833, "to-read": 7656, "owned": 5575, "own": 5401, "books-i-own": 5382, "school": 4019, "historical-fiction": 3831, "literature": 3472, "romance": 3181, "favourites": 2780, "2013": 2138, "2021": 2048, "novels": 2010, "read-for-school": 1744, "book-club": 1706, "2020": 1678, "high-school": 1635, "owned-books": 1499, "american-literature": 1423, "historical": 1369, "american": 1310, "for-school": 1273, "re-read": 1269, "adult": 1233, "2019": 1198, "school-books": 1183, "2018": 1150, "classic-literature": 1078, "novel": 1044, "literary-fiction": 1034, "2014": 1006, "2017": 1004, "audiobook": 998, "2015": 984, "2016": 962, "library": 949, "audiobooks": 922, "kindle": 901, "my-library": 881, "all-time-favorites": 860, "20th-century": 859, "adult-fiction": 846, "my-books": 841, "2012": 833, "english": 810, "tbr": 763, "to-buy": 731, "reread": 724, "1001-books": 706, "favorite-books": 702, "wishlist": 667, "school-reads": 652, "american-lit": 649, "2022": 646, "modern-classics": 646, "classics-to-read": 618, "to-re-read": 606, "drama": 595, "read-in-2013": 594, "bookshelf": 569, "classic-fiction": 565, "1920s": 557, "young-adult": 553, "physical-tbr": 550, "general-fiction": 548, "classic-lit": 534, "on-my-shelf": 526, "usa": 521, "read-in-school": 511, "i-own": 503, "books": 495, "dnf": 489, "ebook": 488, "default": 481, "my-bookshelf": 479, "classici": 474, "to-reread": 466, "audio": 465, "realistic-fiction": 452, "literary": 445, "read-in-english": 422, "new-york": 419, "2011": 416, "5-stars": 410, "1001": 409, "school-reading": 405, "the-classics": 395, "rory-gilmore-reading-challenge": 388, "required-reading": 367, "favorite": 365, "faves": 363, "read-again": 357, "american-classics": 353, "ebooks": 348, "america": 328, "home-library": 327}, "lists": {"Books": 3205, "Best": 1886, "100": 82, "1001": 466, "Must": 4479, "The": 20, "Literary": 2107, "I'm": 4917, "Required": 1193, "Everyone's": 4454, "I": 2047, "Goodreads": 1043, "Read": 88, "Tales": 1201, "What": 773, "Smart": 4489, "Disappointing": 4587, "Cult": 285, "Is": 2682, "Favorites": 1145, "Most": 1975, "50": 51, "One": 885, "Favorite": 63, "David": 307, "Gilmore": 31, "Developing": 276, "Quick": 884, "Stories": 4343, "Le": 435, "Time": 298, "Classics": 96, "Literature": 727, "What's": 8146, "Popular": 2000, "Top": 773, "Not": 1124, "(good!)": 275, "Forced": 554, "Glad": 399, "All": 12061, "Unrequited": 179, "AP": 202, "MUST": 4430, "Reddit": 781, "Male": 1109, "2013:": 329, "Around": 829, "Over": 1747, "Suicide": 504, "American": 182, "UK": 607, "Catching": 157, "Dramatic": 1036, "Drunken": 400, "\"Love\"": 130, "Couldn't": 10098, "Unique": 418, "A": 472, "Refreshing": 182, "Unhappy": 339, "101": 105, "Re-Readable": 1215, "Social": 1406, "Illicit": 410, "2012:": 782, "Rory's": 92, "True": 1196, "BBC": 105, "Your": 1315, "BOOKS": 706, "Crazy": 403, "Light": 885, "Feel": 171, "2014:": 1061, "Works": 749, "Book": 61, "\"Bucket": 262, "Fiction": 71, "2013": 187, "Popsugar": 129, "Retro": 134, "2015:": 1549, "\"I've": 1368, "MOST": 432, "Greatest": 90, "Dealbreakers:": 5384, "SZ-Bibliothek": 63, "Con": 144, "65": 116, "How": 165, "Short": 495, "READ": 2429, "Great": 126, "Worst": 714, "Alliterations": 83, "Random": 26, "Dark": 791, "Harvard": 72, "Boston": 84, "1,000": 69, "Decent": 376, "Candidates": 115, "City": 181, "Leituras": 94, "Oxford": 74, "My": 51, "ONE": 6112, "Judge": 10792, "Midnight": 43, "GOOD": 66, "Radcliffe's": 51, "Abandoned": 1463, "Australia's": 53, "Globe": 52, "\"Hipster\"": 133, "Eye": 269, "Bibles": 180, "500": 120, "Becoming": 77, "Bad": 130, "Amazon's": 101, "Waring": 37, "Cheaters": 918, "Beautifully": 199, "52": 211, "Italiano": 345, "Deep": 81, "1920s": 63, "Iconic": 38, "FIFTY": 69, "They": 84, "Novels": 163, "Trees": 840, "Sonemic": 130, "Larry": 49, "Why": 288, "TBC": 463, "IT:": 46, "Undersized": 66, "Library": 27, "Sensitive": 137, "Both": 321, "NOT": 27, "Flavorwire.com's": 25, "Dealbreakers-If": 261, "Fetch": 21, "[ATY": 74, "Size": 38, "Daily": 52, "So": 5639, "Anti-Heroines": 223, "Bystanders": 18, "Original": 9784, "Twentieth": 27, "Dealbreaker": 211, "Thought": 192, "Character": 5187, "Hip": 105, "Families": 42, "Summer": 539, "Samuel": 26, "Planning": 185}, "num_ratings": "4381865", "num_reviews": "81191", "average_rating": "3.93", "rating_distribution": {"5 Stars": 1568922, "4 Stars": 1472530, "3 Stars": 926167, "2 Stars": 287105, "1 Star": 127141}}