{"book_id_title": "5107.The_Catcher_in_the_Rye", "book_id": "5107", "book_title": "The Catcher in the Rye", "book_series": "", "book_series_uri": "", "isbn": "0316769487", "isbn13": "9780316769488", "year_first_published": "1951", "author": "J.D. Salinger", "num_pages": 277, "genres": ["Classics", "Fiction", "Young Adult", "Literature", "Academic > School", "Novels", "Young Adult > Coming Of Age", "Young Adult > High School", "Literature > American", "Academic > Read For School"], "shelves": {"to-read": 1136390, "classics": 36040, "currently-reading": 31869, "favorites": 20749, "fiction": 19375, "classic": 5388, "young-adult": 4379, "owned": 4340, "own": 4143, "books-i-own": 3642, "literature": 2723, "school": 2299, "favourites": 2076, "novels": 1804, "coming-of-age": 1646, "ya": 1583, "2021": 1169, "high-school": 1143, "2020": 1109, "owned-books": 1095, "american": 1089, "american-literature": 1050, "novel": 992, "read-for-school": 919, "re-read": 866, "2019": 850, "library": 794, "2018": 786, "2015": 776, "2017": 755, "to-buy": 751, "literary-fiction": 743, "2016": 742, "book-club": 727, "wishlist": 721, "classic-literature": 717, "school-books": 714, "2014": 704, "english": 702, "classics-to-read": 688, "for-school": 679, "my-library": 679, "modern-classics": 649, "20th-century": 621, "1001-books": 618, "all-time-favorites": 591, "my-books": 587, "2013": 573, "realistic-fiction": 535, "banned-books": 531, "dnf": 524, "favorite-books": 520, "to-re-read": 511, "contemporary": 500, "general-fiction": 489, "american-lit": 482, "usa": 446, "default": 445, "cl\u00e0ssics": 439, "reread": 430, "adult": 423, "2022": 418, "tbr": 418, "2012": 414, "classic-fiction": 412, "bookshelf": 411, "books": 407, "rory-gilmore-reading-challenge": 405, "1001": 397, "adult-fiction": 390, "favorite": 387, "i-own": 377, "drama": 369, "classic-lit": 362, "on-my-shelf": 355, "abandoned": 352, "school-reads": 350, "to-reread": 343, "physical-tbr": 340, "read-in-english": 338, "bildungsroman": 331, "literary": 327, "read-in-school": 319, "favs": 315, "new-york": 309, "2011": 301, "historical-fiction": 300, "1001-books-to-read-before-you-die": 288, "did-not-finish": 286, "must-read": 284, "faves": 283, "the-classics": 279, "my-bookshelf": 278, "read-again": 277, "2010": 275, "classici": 274, "american-classics": 272, "great-american-read": 267, "ebook": 266, "home-library": 262}, "lists": {"Books": 106, "Best": 139, "100": 82, "1001": 466, "Disappointing": 4587, "What": 1818, "The": 32, "Everyone's": 4454, "I": 2047, "Must": 4479, "Cult": 285, "Read": 362, "I'm": 4917, "Is": 2682, "Tales": 1201, "PBS\u2019s": 2458, "Required": 1193, "Popular": 173, "Stories": 4343, "Favorite": 181, "Favorites": 1145, "Most": 2588, "50": 203, "Coming": 450, "One": 885, "Great": 208, "Time": 298, "Boarding": 295, "Le": 435, "Unforgettables": 2504, "(good!)": 275, "MUST": 4430, "\u06a9\u062a\u0627\u0628": 693, "Goodreads": 166, "Borderline": 820, "Recommended": 400, "Forced": 554, "What's": 8146, "Fictional": 86, "Gilmore": 20, "Classics": 510, "Huh?": 758, "Couldn't": 10098, "Commonly": 511, "Unique": 418, "You": 1997, "Dealbreakers:": 5384, "Developing": 276, "Smart": 4489, "How": 165, "UK": 607, "Top": 419, "Re-Readable": 1215, "Literature": 727, "Let's": 605, "Glad": 399, "AP": 202, "Trees": 840, "MOST": 432, "Works": 749, "Reddit": 781, "American": 175, "Judge": 790, "Original": 9784, "READ": 2429, "Feel": 171, "Fifties": 106, "Authors": 229, "All": 235, "\"Family": 100, "Why": 288, "\"Hipster\"": 133, "Book": 61, "Wall": 462, "Abandoned": 1463, "Juvenile": 110, "Thrillers": 4174, "books": 116, "Catching": 157, "School": 140, "BBC": 105, "New": 65, "Darkest": 1573, "Young": 224, "Boston": 84, "YAsaves": 319, "Postmodern": 109, "Very": 502, "Rory's": 92, "Light": 885, "Influential": 177, "Characters": 308, "Summer": 539, "John": 156, "2011:": 451, "Excellence": 640, "Popsugar": 246, "Ivy": 196, "My": 930, "500": 120, "Banned": 156, "Sonemic": 130, "YA": 155, "Killer": 2125, "Heart": 2362, "Radcliffe's": 51, "Thought": 408, "Pompous": 139, "Manic": 201, "List": 54, "Anarchist": 346, "OverHyped": 140, "Unconventional,": 411, "1949-89:": 67, "Becoming": 77, "Refreshing": 182, "High": 2171, "Novels": 39, "BURGESS'": 37, "Deep": 81, "Spy": 2052, "Larry": 49, "Italiano": 345, "\"Bucket": 262, "NPR": 89, "So": 26, "ATY": 111, "It": 61, "Thrilling": 1966, "Amazon's": 101, "Style": 127, "FIFTY": 69, "Good": 45, "Controversial": 110, "Flavorwire.com's": 25, "If": 2064, "Hardest": 1322, "Australia's": 53, "Worst": 522, "Wolves/dogs": 387, "Broken": 129, "2012:": 149, "Favourite": 1234, "Terrible": 101}, "num_ratings": "3076510", "num_reviews": "67301", "average_rating": "3.81", "rating_distribution": {"5 Stars": 1057274, "4 Stars": 947468, "3 Stars": 651870, "2 Stars": 264135, "1 Star": 155763}}