{"book_id_title": "6185.Wuthering_Heights", "book_id": "6185", "book_title": "Wuthering Heights", "book_series": "", "book_series_uri": "", "isbn": "0553212583", "isbn13": "9780553212587", "year_first_published": "1847", "author": "Emily Bront\u00eb", "num_pages": 464, "genres": ["Classics", "Fiction", "Romance", "Gothic", "Literature", "Historical > Historical Fiction", "Literature > 19th Century", "Novels", "Historical", "Classics > Classic Literature"], "shelves": {"to-read": 926708, "currently-reading": 66732, "classics": 39295, "favorites": 14301, "fiction": 10540, "romance": 5683, "classic": 5578, "owned": 4657, "books-i-own": 4632, "own": 4573, "gothic": 2483, "favourites": 2196, "literature": 1883, "historical-fiction": 1826, "2021": 1349, "2020": 1301, "owned-books": 1288, "tbr": 1113, "19th-century": 1071, "novels": 1038, "kindle": 990, "historical": 987, "physical-tbr": 984, "classic-literature": 970, "dnf": 890, "school": 848, "2019": 826, "my-library": 803, "classics-to-read": 784, "british": 780, "2018": 763, "my-books": 718, "adult": 685, "book-club": 672, "2017": 670, "english": 665, "library": 638, "audiobook": 634, "british-literature": 630, "1001-books": 587, "classici": 582, "victorian": 578, "2016": 569, "bookshelf": 557, "novel": 539, "2015": 536, "re-read": 533, "2022": 532, "audiobooks": 527, "on-my-shelf": 516, "cl\u00e1sicos": 500, "default": 490, "to-buy": 487, "wishlist": 487, "english-literature": 483, "england": 472, "i-own": 449, "literary-fiction": 445, "all-time-favorites": 444, "drama": 441, "owned-tbr": 433, "adult-fiction": 428, "abandoned": 407, "did-not-finish": 404, "classics-tbr": 392, "2014": 391, "classic-lit": 379, "high-school": 374, "classic-fiction": 374, "my-ebooks": 374, "ebook": 369, "my-bookshelf": 364, "1001": 351, "2013": 346, "historical-romance": 340, "read-for-school": 335, "audio": 329, "favorite-books": 314, "ebooks": 308, "on-my-bookshelf": 305, "favorite": 304, "2012": 294, "the-classics": 293, "favoritos": 289, "for-school": 289, "rory-gilmore-reading-challenge": 287, "reread": 284, "home-library": 278, "to-read-classics": 277, "books": 270, "klassiker": 266, "have": 266, "audible": 266, "female-authors": 262, "to-re-read": 261, "favs": 258, "5-stars": 256, "unfinished": 255, "uk": 254, "tbr-classics": 254}, "lists": {"Best": 665, "Books": 21, "What": 165, "100": 1893, "The": 126, "1001": 72, "All": 283, "Favorite": 322, "Literary": 2107, "I": 6081, "Must": 261, "Is": 2682, "Read": 469, "Jezebel's": 1494, "PBS\u2019s": 2458, "Disappointing": 4587, "Victorian": 477, "Male": 1109, "Couldn't": 10098, "So": 5639, "Goodreads": 1043, "Most": 880, "Everyone's": 4454, "I'm": 4917, "Favorites": 1145, "Smart": 4489, "Quality": 2629, "Romance": 2692, "50": 203, "Villain": 1465, "CLEAN": 2130, "Required": 1193, "MUST": 4430, "\"I've": 1368, "Classics": 96, "Strong": 1490, "Gilmore": 520, "Not": 1124, "Darkest": 1573, "Intense": 7221, "Literature": 122, "Great": 55, "Around": 829, "Ghost": 1931, "Cult": 1822, "Unhappy": 339, "Family": 876, "Rooting": 1549, "Tortured": 498, "UK": 607, "Crazy": 403, "Women": 117, "\"Love\"": 130, "Historical": 252, "My": 523, "Epistolary": 772, "Developing": 276, "What's": 8146, "Stories": 4343, "Fictional": 3374, "Re-Readable": 1215, "Authors": 229, "Unforgettables": 2504, "Catching": 157, "Cry,": 1328, "AP": 202, "Huh?": 758, "Italiano": 345, "Dark": 791, "We": 1034, "Masters": 100, "Greatest": 245, "One": 885, "Hey,": 265, "Top": 419, "Suicide": 504, "Winter": 657, "Works": 749, "READ": 2429, "\"Bucket": 262, "\u0623\u0641\u0636\u0644": 2079, "Glad": 399, "the": 597, "Commonly": 511, "MOST": 432, "Graveyards,": 142, "Anti-Heroines": 223, "Young": 9155, "BBC": 98, "Abandoned": 1463, "Recommended": 3264, "Characters": 308, "Stalkerific": 613, "Gothy": 567, "Causes": 3608, "Saddest": 725, "Yorkshire": 84, "Worst": 714, "Men": 1388, "Tragic": 226, "Book": 45, "SCARS": 2479, "Clifton": 106, "Unforgettable": 67, "If": 146, "Titles": 116, "books": 79, "19th": 51, "They": 84, "women": 277, "Classic": 85, "Can't": 93, "I've": 465, "Unique": 593, "Creepy,": 191, "Popsugar": 144, "7": 22, "GREAT": 155, "Leituras": 201, "Social": 1406, "Tessa's": 60, "TBC": 463, "Reclusive": 288, "Kick-ass": 84, "Landscape": 120, "A": 472, "GoodReads": 55, "1,000": 69, "Terrible": 29, "ATY": 78, "Five": 457, "Wrong": 141, "Awesome": 918, "Project": 102, "Victoriana": 55, "History": 181, "Covers": 63, "Trees": 840, "Difficult": 96, "Daily": 52, "500": 120, "Families": 42, "Just": 346, "101": 105, "Delicious": 101, "Dealbreakers:": 5384, "GOOD": 66, "2016:": 374, "Character": 5187, "Coming": 711}, "num_ratings": "1539988", "num_reviews": "46015", "average_rating": "3.87", "rating_distribution": {"5 Stars": 562076, "4 Stars": 474219, "3 Stars": 317859, "2 Stars": 120571, "1 Star": 65263}}