[{"book_id_title": "10210.Jane_Eyre", "book_id": "10210", "book_title": "Jane Eyre", "book_series": "", "book_series_uri": "", "isbn": "1551111802", "isbn13": "9781551111803", "year_first_published": "1847", "author": "Charlotte Bront\u00eb", "num_pages": 532, "genres": ["Classics", "Fiction", "Romance", "Historical > Historical Fiction", "Gothic", "Literature", "Historical", "Academic > School", "Literature > 19th Century", "Novels"], "shelves": {"to-read": 5196, "currently-reading": 63160, "classics": 45063, "favorites": 24885, "fiction": 12215, "romance": 7571, "classic": 6767, "own": 4761, "books-i-own": 4607, "owned": 4546, "favourites": 3190, "historical-fiction": 2721, "gothic": 2358, "literature": 2114, "historical": 1491, "2021": 1437, "2020": 1274, "owned-books": 1220, "kindle": 1144, "school": 1139, "19th-century": 1129, "novels": 1096, "classic-literature": 1077, "tbr": 1037, "audiobook": 1028, "book-club": 903, "british": 884, "adult": 879, "audiobooks": 874, "all-time-favorites": 866, "2019": 866, "physical-tbr": 851, "2018": 823, "classics-to-read": 819, "my-library": 782, "re-read": 772, "victorian": 759, "2016": 719, "2017": 702, "english": 679, "library": 658, "favorite-books": 645, "my-books": 635, "1001-books": 625, "british-literature": 624, "feminism": 623, "historical-romance": 616, "novel": 605, "wishlist": 603, "england": 588, "dnf": 585, "to-buy": 571, "2015": 560, "adult-fiction": 544, "literary-fiction": 519, "2011": 510, "on-my-shelf": 509, "i-own": 494, "2014": 489, "favorite": 483, "bookshelf": 479, "2022": 479, "english-literature": 476, "ebook": 465, "classic-lit": 463, "my-ebooks": 462, "read-for-school": 461, "classici": 460, "audio": 460, "classic-fiction": 427, "cl\u00e1sicos": 426, "5-stars": 420, "audible": 411, "owned-tbr": 406, "high-school": 404, "default": 401, "classics-tbr": 398, "reread": 394, "mystery": 392, "2013": 382, "for-school": 376, "drama": 374, "ebooks": 364, "1001": 353, "rory-gilmore-reading-challenge": 341, "school-books": 338, "2012": 332, "the-classics": 331, "coming-of-age": 316, "my-bookshelf": 313, "faves": 310, "women": 307, "my-favorites": 297, "home-library": 297, "to-re-read": 296, "favoritos": 294, "own-it": 293, "favs": 287, "tbr-classics": 283}, "lists": {"Best": 6757, "Books": 314, "100": 1553, "Big": 7387, "All": 235, "Favorite": 322, "1001": 466, "Must": 4479, "The": 96, "Read": 88, "PBS\u2019s": 2458, "CLEAN": 2130, "Romance": 2692, "Jezebel's": 1494, "Couldn't": 10098, "I'm": 4917, "What": 1818, "Literary": 2107, "I": 317, "Goodreads": 1043, "Victorian": 344, "Favorites": 1145, "Slow-burn": 2545, "Strong": 786, "So": 5639, "Girl": 976, "Required": 1193, "Literature": 727, "Classics": 96, "Great": 76, "Younger": 624, "Boarding": 1244, "SCARS": 2479, "Women": 539, "MUST": 4430, "My": 930, "Villain": 1465, "the": 597, "Everyone's": 4454, "Slow": 1986, "Historical": 1017, "Smart": 4489, "Bad": 2696, "Dramatic": 1036, "Gilmore": 520, "Recommended": 400, "Unforgettables": 2504, "Size": 396, "Fictional": 600, "One": 885, "Kick-Butt": 2386, "Most": 107, "Male": 1205, "Thickest": 2485, "Stories": 4343, "Tortured": 498, "Hero": 267, "\"Love\"": 130, "Re-Readable": 1215, "READ": 2429, "UK": 607, "Intense": 7221, "Catching": 157, "Orphans": 296, "Unhappy": 339, "Developing": 276, "Hunks": 312, "Quiet,": 253, "Kick-ass": 84, "Gothic": 253, "Virgin": 649, "Six": 775, "Seasonal": 571, "Nanny-Governess": 144, "Young": 9155, "Men": 1388, "Wise": 945, "Italiano": 345, "Classic": 85, "\u0623\u0641\u0636\u0644": 2079, "Clean": 81, "Clifton": 106, "Domestic": 95, "Greatest": 245, "Interesting,": 328, "Light": 885, "\"Bucket": 262, "Novels": 235, "If": 434, "Both": 321, "Plain": 49, "Romances": 246, "Popsugar": 246, "Winter": 657, "Dark": 791, "Hardest": 1322, "Odd": 377, "I've": 465, "Hottest": 6328, "Hey,": 265, "BBC": 36, "Older": 158, "Blind/Deaf/Mute": 375, "Character": 5187, "Project": 102, "Illicit": 410, "women": 277, "Victoriana": 55, "Coming": 711, "AP": 202, "Cry,": 1328, "Quirky": 73, "Sink": 119, "Teachers": 126, "Causes": 3608, "Star-Crossed": 156, "19th": 51, "Disappointing": 4587, "Abandoned": 1463, "Rory's": 92, "TBC": 463, "Non-Bratty,": 271, "Petite": 495, "\"As": 100, "Girls": 751, "Leituras": 201, "Book": 45, "Top": 123, "500": 120, "GOOD": 66, "Intelligent": 117, "Yorkshire": 84, "Unforgettable": 67, "50": 203, "Quiet": 151, "101": 105, "Harvard": 72, "Servant": 261, "Your": 900, "Candidates": 115, "Fairytale": 261, "True": 236, "Sweetest": 408, "For": 127, "Glad": 399, "GREAT": 155, "Titles": 124, "Over": 108, "Can't": 93, "books": 193, "Cinderella": 178}, "num_ratings": "1830832", "num_reviews": "50611", "average_rating": "4.14", "rating_distribution": {"5 Stars": 848303, "4 Stars": 565321, "3 Stars": 285261, "2 Stars": 84820, "1 Star": 47127}}, {"book_id_title": "18423.The_Left_Hand_of_Darkness", "book_id": "18423", "book_title": "The Left Hand of Darkness", "book_series": "Hainish Cycle", "book_series_uri": "/series/49359-hainish-cycle", "isbn": "0441478123", "isbn13": "9780441478125", "year_first_published": "1969", "author": "Ursula K. Le Guin", "num_pages": 304, "genres": ["Science Fiction", "Fiction", "Fantasy", "Classics", "Science Fiction Fantasy", "Feminism", "Speculative Fiction", "Novels", "LGBT", "Gender"], "shelves": {"to-read": 147526, "currently-reading": 10545, "science-fiction": 5760, "sci-fi": 4981, "fiction": 3122, "favorites": 2293, "fantasy": 1607, "scifi": 1126, "classics": 1044, "owned": 916, "own": 699, "sci-fi-fantasy": 612, "book-club": 576, "sf": 520, "2018": 396, "2021": 396, "2019": 368, "2020": 367, "books-i-own": 358, "feminism": 332, "speculative-fiction": 328, "novels": 274, "lgbt": 257, "scifi-fantasy": 252, "wishlist": 244, "audiobook": 241, "lgbtq": 236, "gender": 235, "dnf": 228, "favourites": 227, "classic": 224, "queer": 222, "fantasy-sci-fi": 220, "2017": 217, "library": 217, "abandoned": 199, "kindle": 191, "audiobooks": 179, "sff": 178, "2016": 167, "to-buy": 163, "adult": 161, "did-not-finish": 157, "2022": 156, "literature": 154, "series": 152, "hugo": 150, "science-fiction-fantasy": 144, "female-author": 141, "ebook": 138, "2015": 135, "hugo-award": 131, "owned-books": 130, "novel": 129, "2014": 127, "american": 123, "audio": 122, "default": 121, "bookclub": 117, "feminist": 117, "20th-century": 115, "sci-fi-and-fantasy": 114, "ciencia-ficci\u00f3n": 112, "hugo-winners": 112, "aliens": 108, "my-library": 107, "nebula": 106, "female-authors": 105, "audible": 104, "fantasy-scifi": 101, "lgbtqia": 98, "nebula-award": 94, "english": 87, "sf-fantasy": 87, "unfinished": 86, "1960s": 85, "speculative": 84, "ursula-k-le-guin": 81, "science": 80, "adult-fiction": 78, "women-authors": 76, "women": 73, "philosophy": 73, "tbr": 72, "space": 71, "2013": 71, "read-in-2018": 70, "to-read-fiction": 70, "ebooks": 69, "adventure": 69, "re-read": 68, "2012": 67, "recommended": 65, "hugo-award-winners": 65, "sf-masterworks": 64, "read-in-2021": 63, "read-in-2019": 63, "women-writers": 63, "wish-list": 61, "hugo-nebula": 59}, "lists": {"Best": 61, "Science": 3, "Favorite": 4299, "100": 12, "Books": 3, "Feminist": 52, "LGBTQ": 1489, "Non-Caucasian": 2673, "Nebula": 12, "Sci-Fi": 64, "Classic": 4, "S&L": 1259, "Jezebel's": 1494, "SF": 42, "Most": 880, "Left-wing": 254, "Tiptree": 80, "Diversity": 403, "Golden": 256, "The": 1, "SciFi": 1, "Philosophical": 422, "Speculative": 800, "Adult": 177, "Novels": 120, "Phobos": 260, "Women": 8, "Joint": 67, "/r/PrintSF": 35, "Non-Binary": 219, "Literary": 247, "Body": 158, "Cult": 1822, "I": 317, "Gender": 71, "White": 290, "Dystopias": 89, "James": 12, "Hermaphrodite": 104, "Fantasy": 549, "Mind-bending": 138, "Alien": 58, "Cutting-Edge": 65, "Out": 122, "Space": 425, "Trans*": 59, "Through": 184, "Geofiction:": 52, "Intriguing": 138, "Popsugar": 230, "Long": 236, "Award": 47, "Cli-Fi:": 498, "Old": 230, "Harvard": 72, "[ATY": 12, "Oceans,": 150, "Original": 9784, "Westeros": 45, "Worst": 75, "Counterpunch:": 22, "Light": 50, "NPR": 16, "Reddit's": 16, "All": 158, "Locus": 16, "Directions": 15, "Easton": 18, "ATY": 36, "Feminist/Black/": 13, "Touch": 14, "Ursula": 5, "Land": 67, "Book": 1, "Unbound": 8, "We": 87, "Romance": 206, "waiting": 17, "Displaced": 303, "Jo": 18, "Hugo": 1, "Monster": 104, "2015:": 512, "What": 489, "50": 8, "Catching": 157, "Popular": 48, "I'm": 4917, "Sight": 50, "Star": 68, "Candidates": 115, "Disappointing": 4587, "Coursera": 15, "Greatest": 90, "Top": 2, "No": 21, "Amazon\u2019s": 18, "My": 103, "BBC": 11, "Unconventional,": 411, "Flavorwire's": 17, "Future": 8, "Big": 22, "Essential": 15, "Social": 1406, "Authors": 20, "Ultimate": 142, "Over": 1747, "Evan's": 14, "Forbidden": 8, "Disturbing": 436, "Important": 13, "Approaches": 4, "Anti": 31, "Powell's": 8, "Beautiful": 251, "LOL_BOOKS": 9, "Hay": 4, "Born": 64, "75+": 6, "DCGQ": 2, "Darkest": 1573, "Modern": 6, "Appendix": 10, "Polar": 55, "NYPL": 8, "QBC": 3, "2020:": 825, "Shondaland's": 5, "Symbolic": 32, "Imaginative": 65, "Mogai": 25, "People": 41, "KiwiFoo": 3, "~*Top": 206, "Reddit": 41, "Queer": 85, "2019:": 860, "Leftist": 7, "Nonbinary": 17, "Reading": 251, "A": 2, "Diversify": 20, "r/SF_Book_Club": 1, "Inspiration": 4, "Captivating,": 40, "Refinery": 4, "Michael's": 1, "All-time": 2, "Required": 78, "OBCB": 1}, "num_ratings": "143655", "num_reviews": "11513", "average_rating": "4.09", "rating_distribution": {"5 Stars": 56642, "4 Stars": 53267, "3 Stars": 25188, "2 Stars": 6510, "1 Star": 2048}}, {"book_id_title": "1371.The_Iliad", "book_id": "1371", "book_title": "The Iliad", "book_series": "", "book_series_uri": "", "isbn": "8497644905", "isbn13": "9788497644907", "year_first_published": "800", "author": "Homer", "num_pages": 683, "genres": ["Classics", "Poetry", "Fiction", "Fantasy > Mythology", "Literature", "Fantasy", "Historical > Historical Fiction", "Academic > School", "War", "Epic"], "shelves": {"to-read": 303642, "currently-reading": 21461, "classics": 14011, "poetry": 4442, "fiction": 3431, "mythology": 2435, "favorites": 2223, "owned": 1916, "classic": 1826, "own": 1674, "literature": 1177, "books-i-own": 1124, "fantasy": 968, "history": 889, "historical-fiction": 662, "school": 626, "greek": 577, "war": 483, "epic": 463, "owned-books": 430, "historical": 419, "kindle": 417, "greek-mythology": 415, "classic-literature": 378, "default": 325, "greece": 325, "library": 316, "ancient": 296, "ancient-greece": 288, "2021": 286, "my-library": 275, "adventure": 274, "read-for-school": 268, "2020": 267, "to-buy": 256, "classics-to-read": 256, "classical": 256, "favourites": 251, "tbr": 244, "physical-tbr": 240, "for-school": 228, "wishlist": 222, "my-books": 219, "2019": 213, "rory-gilmore-reading-challenge": 198, "college": 192, "audiobook": 187, "2018": 185, "epic-poetry": 184, "school-books": 183, "epics": 181, "antiquity": 179, "translated": 174, "adult": 159, "bookshelf": 157, "audiobooks": 157, "greek-literature": 155, "novels": 153, "dnf": 153, "high-school": 152, "2016": 151, "philosophy": 151, "classic-lit": 148, "2017": 144, "classical-literature": 139, "ebook": 138, "owned-tbr": 137, "on-hold": 133, "homer": 133, "cl\u00e1sicos": 132, "2022": 131, "ancient-history": 128, "books": 126, "re-read": 124, "i-own": 124, "abandoned": 122, "myth": 122, "home-library": 121, "ancient-literature": 119, "to-read-classics": 115, "the-classics": 114, "on-my-shelf": 114, "ancient-greek": 111, "rory-gilmore": 108, "classic-fiction": 108, "ancient-classics": 106, "unfinished": 104, "great-books": 104, "classics-tbr": 103, "tbr-classics": 102, "rory-gilmore-challenge": 102, "gilmore-girls": 99, "translation": 99, "2015": 98, "personal-library": 98, "ebooks": 97, "audio": 95, "my-bookshelf": 95, "own-it": 94, "2014": 93}, "lists": {"Books": 47, "The": 2, "Big": 7387, "Best": 5, "100": 2, "I": 3976, "Must": 4479, "Greek": 529, "About": 241, "David": 9, "I'm": 4917, "Classics": 42, "Read": 469, "Favourite": 350, "Classical": 5, "Works": 749, "Clifton": 106, "Penguin": 143, "Size": 396, "Mythology/Folklore": 210, "War": 15, "Major": 82, "Catching": 157, "Great": 199, "Fantasy": 534, "Pre-Tolkien": 332, "Literature": 5, "Favorite": 2, "Gilmore": 1, "Amazons,": 533, "Globe": 52, "Reddit": 781, "Homer:": 26, "Royal": 214, "UK": 607, "S&L": 1259, "Book": 27, "Around": 829, "World's": 114, "Appendix": 25, "Thickest": 2485, "Difficult": 96, "REALLY,": 326, "All": 9, "Greatest": 37, "ATY": 81, "Developing": 276, "Most": 41, "Adventure,": 50, "Heroes": 257, "Poetry": 495, "Star-Crossed": 156, "1,000": 69, "Waring": 37, "Glad": 399, "Revenge": 277, "Ancient": 18, "What": 831, "Project": 63, "Abandoned": 1463, "\"Helen\"": 20, "Is": 2682, "Thought": 408, "History": 167, "101": 36, "Authors": 102, "[ATY": 100, "Prepping": 11, "Websters": 6, "Seductive": 33, "2015:": 308, "GRE": 20, "1000": 28, "MOST": 432, "Glorious": 7, "Disappointing": 4587, "Pewdiepie's": 153, "\"start": 4, "Bravo!": 6, "FSU": 12, "Foreign": 2647, "Sonemic": 130, "Unforgettables": 2504, "Have": 12, "A": 4, "Illicit": 410, "Bokkluben": 5, "Some": 141, "Ten": 50, "Recommended": 5, "Black": 13, "Mortimer": 5, "Cult": 1822, "War,": 63, "How": 4, "Darkest": 1573, "When": 5, "Pompous": 139, "First": 7, "53": 6, "60": 10, "AP": 3, "Patrick": 5, "Full": 3, "My": 2, "Classic": 11, "Lalita's": 6, "YA": 38, "Myths": 211, "Required": 6, "Well-Rounded": 11, "\u062a\u0631\u0627\u062b": 5, "Historical": 3, "Start": 3, "Goodreads": 310, "Sacred": 7, "St.": 2, "Essential": 2, "BBC": 11, "Mononymous": 7, "Magdalen": 2, "Exeter": 3, "Bokkubben": 3, "Third": 27, "Hell": 15, "20": 8, "Proposed": 5, "Worst": 81, "J.": 2, "Indo-Europeans": 16, "25": 9, "US": 4, "Influential": 3, "books": 5, "Personal": 2, "MUST": 86, "English": 11, "2014": 38, "Oxbridge": 2, "50": 1, "Traditional": 13}, "num_ratings": "394312", "num_reviews": "8944", "average_rating": "3.89", "rating_distribution": {"5 Stars": 134252, "4 Stars": 129094, "3 Stars": 93144, "2 Stars": 27424, "1 Star": 10398}}, {"book_id_title": "4671.The_Great_Gatsby", "book_id": "4671", "book_title": "The Great Gatsby", "book_series": "", "book_series_uri": "", "isbn": "0684801523", "isbn13": "9780684801520", "year_first_published": "1925", "author": "F. Scott Fitzgerald", "num_pages": 200, "genres": ["Classics", "Fiction", "Academic > School", "Historical > Historical Fiction", "Literature", "Romance", "Novels", "Academic > Read For School", "Young Adult > High School", "Literature > American"], "shelves": {"currently-reading": 54020, "classics": 52056, "favorites": 27166, "fiction": 22793, "classic": 7833, "to-read": 7656, "owned": 5575, "own": 5401, "books-i-own": 5382, "school": 4019, "historical-fiction": 3831, "literature": 3472, "romance": 3181, "favourites": 2780, "2013": 2138, "2021": 2048, "novels": 2010, "read-for-school": 1744, "book-club": 1706, "2020": 1678, "high-school": 1635, "owned-books": 1499, "american-literature": 1423, "historical": 1369, "american": 1310, "for-school": 1273, "re-read": 1269, "adult": 1233, "2019": 1198, "school-books": 1183, "2018": 1150, "classic-literature": 1078, "novel": 1044, "literary-fiction": 1034, "2014": 1006, "2017": 1004, "audiobook": 998, "2015": 984, "2016": 962, "library": 949, "audiobooks": 922, "kindle": 901, "my-library": 881, "all-time-favorites": 860, "20th-century": 859, "adult-fiction": 846, "my-books": 841, "2012": 833, "english": 810, "tbr": 763, "to-buy": 731, "reread": 724, "1001-books": 706, "favorite-books": 702, "wishlist": 667, "school-reads": 652, "american-lit": 649, "2022": 646, "modern-classics": 646, "classics-to-read": 618, "to-re-read": 606, "drama": 595, "read-in-2013": 594, "bookshelf": 569, "classic-fiction": 565, "1920s": 557, "young-adult": 553, "physical-tbr": 550, "general-fiction": 548, "classic-lit": 534, "on-my-shelf": 526, "usa": 521, "read-in-school": 511, "i-own": 503, "books": 495, "dnf": 489, "ebook": 488, "default": 481, "my-bookshelf": 479, "classici": 474, "to-reread": 466, "audio": 465, "realistic-fiction": 452, "literary": 445, "read-in-english": 422, "new-york": 419, "2011": 416, "5-stars": 410, "1001": 409, "school-reading": 405, "the-classics": 395, "rory-gilmore-reading-challenge": 388, "required-reading": 367, "favorite": 365, "faves": 363, "read-again": 357, "american-classics": 353, "ebooks": 348, "america": 328, "home-library": 327}, "lists": {"Books": 3205, "Best": 1886, "100": 82, "1001": 466, "Must": 4479, "The": 20, "Literary": 2107, "I'm": 4917, "Required": 1193, "Everyone's": 4454, "I": 2047, "Goodreads": 1043, "Read": 88, "Tales": 1201, "What": 773, "Smart": 4489, "Disappointing": 4587, "Cult": 285, "Is": 2682, "Favorites": 1145, "Most": 1975, "50": 51, "One": 885, "Favorite": 63, "David": 307, "Gilmore": 31, "Developing": 276, "Quick": 884, "Stories": 4343, "Le": 435, "Time": 298, "Classics": 96, "Literature": 727, "What's": 8146, "Popular": 2000, "Top": 773, "Not": 1124, "(good!)": 275, "Forced": 554, "Glad": 399, "All": 12061, "Unrequited": 179, "AP": 202, "MUST": 4430, "Reddit": 781, "Male": 1109, "2013:": 329, "Around": 829, "Over": 1747, "Suicide": 504, "American": 182, "UK": 607, "Catching": 157, "Dramatic": 1036, "Drunken": 400, "\"Love\"": 130, "Couldn't": 10098, "Unique": 418, "A": 472, "Refreshing": 182, "Unhappy": 339, "101": 105, "Re-Readable": 1215, "Social": 1406, "Illicit": 410, "2012:": 782, "Rory's": 92, "True": 1196, "BBC": 105, "Your": 1315, "BOOKS": 706, "Crazy": 403, "Light": 885, "Feel": 171, "2014:": 1061, "Works": 749, "Book": 61, "\"Bucket": 262, "Fiction": 71, "2013": 187, "Popsugar": 129, "Retro": 134, "2015:": 1549, "\"I've": 1368, "MOST": 432, "Greatest": 90, "Dealbreakers:": 5384, "SZ-Bibliothek": 63, "Con": 144, "65": 116, "How": 165, "Short": 495, "READ": 2429, "Great": 126, "Worst": 714, "Alliterations": 83, "Random": 26, "Dark": 791, "Harvard": 72, "Boston": 84, "1,000": 69, "Decent": 376, "Candidates": 115, "City": 181, "Leituras": 94, "Oxford": 74, "My": 51, "ONE": 6112, "Judge": 10792, "Midnight": 43, "GOOD": 66, "Radcliffe's": 51, "Abandoned": 1463, "Australia's": 53, "Globe": 52, "\"Hipster\"": 133, "Eye": 269, "Bibles": 180, "500": 120, "Becoming": 77, "Bad": 130, "Amazon's": 101, "Waring": 37, "Cheaters": 918, "Beautifully": 199, "52": 211, "Italiano": 345, "Deep": 81, "1920s": 63, "Iconic": 38, "FIFTY": 69, "They": 84, "Novels": 163, "Trees": 840, "Sonemic": 130, "Larry": 49, "Why": 288, "TBC": 463, "IT:": 46, "Undersized": 66, "Library": 27, "Sensitive": 137, "Both": 321, "NOT": 27, "Flavorwire.com's": 25, "Dealbreakers-If": 261, "Fetch": 21, "[ATY": 74, "Size": 38, "Daily": 52, "So": 5639, "Anti-Heroines": 223, "Bystanders": 18, "Original": 9784, "Twentieth": 27, "Dealbreaker": 211, "Thought": 192, "Character": 5187, "Hip": 105, "Families": 42, "Summer": 539, "Samuel": 26, "Planning": 185}, "num_ratings": "4381865", "num_reviews": "81191", "average_rating": "3.93", "rating_distribution": {"5 Stars": 1568922, "4 Stars": 1472530, "3 Stars": 926167, "2 Stars": 287105, "1 Star": 127141}}, {"book_id_title": "1934.Little_Women", "book_id": "1934", "book_title": "Little Women", "book_series": "Little Women #1", "book_series_uri": "/series/191497-little-women", "isbn": "0517214628", "isbn13": "9780517214626", "year_first_published": "1869", "author": "Louisa May Alcott", "num_pages": 449, "genres": ["Classics", "Fiction", "Historical > Historical Fiction", "Young Adult", "Romance", "Historical", "Literature", "Childrens", "Classics > Classic Literature", "Audiobook"], "shelves": {"classics": 33974, "to-read": 27783, "favorites": 13321, "fiction": 9627, "classic": 5425, "books-i-own": 3815, "own": 3700, "historical-fiction": 3625, "owned": 3543, "young-adult": 2938, "2020": 2822, "romance": 2074, "favourites": 1577, "historical": 1373, "2021": 1259, "2019": 1188, "literature": 1135, "tbr": 1127, "childrens": 1041, "kindle": 1034, "currently-reading": 1029, "physical-tbr": 1023, "ya": 959, "book-club": 954, "childhood": 909, "owned-books": 881, "dnf": 779, "children": 759, "cl\u00e0ssics": 755, "audiobook": 749, "classic-literature": 740, "audiobooks": 725, "novels": 670, "19th-century": 637, "my-books": 613, "classics-to-read": 596, "coming-of-age": 587, "my-library": 585, "all-time-favorites": 556, "to-buy": 555, "2022": 552, "childhood-favorites": 549, "library": 526, "children-s": 525, "re-read": 496, "wishlist": 487, "series": 484, "1001-books": 477, "2018": 473, "on-my-shelf": 466, "american-literature": 452, "children-s-books": 449, "read-in-2020": 448, "american": 442, "family": 419, "bookshelf": 408, "did-not-finish": 402, "my-ebooks": 395, "ebook": 391, "novel": 384, "2017": 380, "owned-tbr": 379, "audio": 376, "feminism": 367, "i-own": 361, "women": 349, "abandoned": 346, "favorite-books": 343, "my-bookshelf": 337, "cl\u00e1sicos": 336, "classics-tbr": 331, "classic-lit": 330, "ebooks": 328, "english": 316, "reread": 307, "5-stars": 296, "2016": 295, "drama": 295, "2015": 292, "rory-gilmore-reading-challenge": 290, "classic-fiction": 283, "2020-reads": 282, "literary-fiction": 277, "adult": 275, "1001": 273, "favs": 267, "audible": 264, "kids": 263, "chick-lit": 263, "american-lit": 257, "on-my-bookshelf": 256, "the-classics": 253, "great-american-read": 252, "louisa-may-alcott": 249, "my-favorites": 247, "books-i-have": 246, "favorite": 246, "read-2020": 245, "school": 245, "default": 242}, "lists": {"Books": 1417, "Best": 732, "100": 1553, "Favorite": 1299, "What": 1818, "The": 85, "1001": 72, "Must": 29, "Children's": 257, "Read": 5551, "PBS\u2019s": 2458, "I": 1353, "Literary": 2107, "Stories": 4343, "Jezebel's": 1494, "CLEAN": 2130, "Top": 311, "Girl": 976, "ONE": 6112, "Favorites": 1145, "Strong": 786, "Unforgettables": 2504, "Downton": 1043, "Classics": 96, "Gilmore": 520, "All": 1082, "50": 875, "Causes": 3608, "One": 885, "UK": 607, "New": 341, "Literature": 122, "Kick-Butt": 2386, "My": 930, "Most": 978, "Couldn't": 10098, "Great": 75, "\u201cSister\u201d": 182, "Seasonal": 571, "Size": 38, "Big": 7387, "READ": 2429, "Winter": 67, "Novels": 235, "MUST": 4430, "the": 597, "Women": 117, "Classic": 85, "Heartwarmers": 296, "Younger": 624, "Wise": 945, "Abandoned": 1463, "I've": 465, "Teen": 62, "A": 472, "Fictional": 126, "Unrequited": 179, "Coming": 711, "Recommended": 1184, "Who": 533, "Both": 321, "Catching": 157, "Required": 1193, "Planning": 185, "\"Family": 100, "Re-Readable": 1215, "Popsugar": 37, "Kick-ass": 84, "Fiction": 130, "Very": 502, "Middle": 587, "Project": 102, "American": 175, "Male": 1205, "Smart": 4489, "Two": 859, "Harvard": 72, "Sisterhood": 142, "Non-Bratty,": 271, "Christian": 523, "LDS": 325, "Romance": 2692, "In": 229, "women": 277, "19th": 51, "Months": 59, "BBC": 105, "What's": 8146, "2020:": 825, "Everyone's": 4454, "Transcendentalism": 66, "1,000": 69, "Rory's": 92, "Dealbreakers-If": 261, "Domestic": 95, "[ATY": 88, "Favourite": 1234, "2012:": 782, "Mid-Winter": 97, "Fantastic": 739, "Huffington": 80, "Awesome": 918, "Born": 64, "best": 83, "Can't": 93, "Old-School": 156, "Red": 129, "Little": 216, "TBC": 463, "Reconstruction": 130, "Girls": 38, "J\u00e1": 167, "Titles": 80, "To": 769, "Amazing": 218, "Unforgettable": 215, "Clean/Secular/Non": 151, "books": 568, "Series": 3151, "Proliferation": 39, "Speculative": 800, "Family": 876, "Popular": 418, "2014:": 1061, "FIFTY": 69, "Developing": 276, "Why": 288, "DCPL": 1750, "Writers": 101, "Nevertheless,": 59, "Random": 469, "Historical": 553, "Chick": 1836, "2017:": 776, "Feminine": 31, "Your": 110, "MOST": 432, "90s": 104, "Boston": 265, "Free": 455, "Loved": 126, "2019:": 860, "Featuring": 704, "Fairytale": 261, "Puffin": 38, "Forgotten": 33, "Adult": 132, "Characters": 822, "Nineteenth": 29, "\"Josephine\"": 14, "DCPL's": 117, "Wonderful": 30, "That": 83}, "num_ratings": "1913892", "num_reviews": "38412", "average_rating": "4.12", "rating_distribution": {"5 Stars": 847648, "4 Stars": 613195, "3 Stars": 325083, "2 Stars": 87579, "1 Star": 40387}}, {"book_id_title": "36529.Narrative_of_the_Life_of_Frederick_Douglass", "book_id": "36529", "book_title": "Narrative of the Life of Frederick Douglass", "book_series": "The Autobiographies #1", "book_series_uri": "/series/114730-the-autobiographies", "isbn": "0486284999", "isbn13": "9780486284996", "year_first_published": "1845", "author": "Frederick Douglass", "num_pages": 158, "genres": ["Nonfiction", "History", "Classics", "Biography", "Autobiography > Memoir", "Academic > School", "Biography > Autobiography", "Cultural > African American", "North American Hi... > American History", "Academic > Read For School"], "shelves": {"to-read": 104145, "currently-reading": 5120, "non-fiction": 2013, "history": 1928, "classics": 1738, "biography": 1345, "nonfiction": 1327, "memoir": 743, "favorites": 500, "school": 476, "own": 441, "autobiography": 437, "owned": 373, "african-american": 316, "books-i-own": 302, "american-history": 275, "biographies": 263, "read-for-school": 258, "race": 254, "historical": 254, "biography-memoir": 238, "classic": 222, "memoirs": 219, "slavery": 212, "2021": 185, "2020": 179, "for-school": 164, "school-books": 142, "19th-century": 135, "2017": 124, "college": 116, "library": 113, "kindle": 107, "american": 107, "literature": 106, "2018": 102, "audiobook": 100, "2019": 99, "american-literature": 98, "memoir-biography": 95, "politics": 94, "audiobooks": 90, "american-lit": 90, "owned-books": 89, "high-school": 86, "my-library": 85, "black-history": 82, "adult": 79, "default": 76, "civil-war": 72, "african-american-literature": 72, "biography-autobiography": 71, "school-reads": 71, "black-authors": 68, "2016": 68, "bio": 66, "auto-biography": 63, "america": 62, "2022": 61, "ebook": 60, "social-justice": 59, "audio": 59, "us-history": 58, "biographies-memoirs": 58, "uni": 58, "my-books": 54, "2015": 54, "autobiography-memoir": 53, "biographical": 52, "2014": 52, "2013": 52, "university": 52, "civil-rights": 49, "racism": 48, "usa": 47, "african-american-lit": 47, "wishlist": 46, "autobiographies": 45, "african-american-history": 45, "classic-literature": 45, "anti-racism": 44, "ebooks": 44, "school-reading": 44, "black": 43, "biography-and-memoir": 42, "memoir-autobiography": 41, "home-library": 41, "required-reading": 41, "bookshelf": 41, "to-buy": 40, "book-club": 40, "authors-of-color": 38, "bio-memoir": 38, "political": 37, "11th-grade": 35, "books-for-school": 34, "1800s": 33, "non-fic": 33, "african-american-studies": 33, "english": 33}, "lists": {"Books": 2354, "Best": 919, "100": 10016, "Black": 10, "Must": 326, "Biography": 7, "#BlackLivesMatter": 281, "Slavery": 9, "Memoirs": 757, "African": 349, "Favorite": 384, "Essential": 513, "Non-fiction": 1223, "favorite": 902, "Inspiring": 893, "Required": 1193, "Social": 1406, "Racial,": 145, "You": 1732, "The": 255, "Classics": 2, "Most": 942, "Interesting": 1257, "Totally": 797, "Microhistory:": 2461, "Read": 5551, "#ReadPOC:": 233, "101": 36, "Thought": 956, "All": 2232, "Life": 1120, "Couldn't": 10098, "Quick": 884, "Project": 102, "Hardest": 1322, "I": 2101, "Literature": 727, "Human": 273, "AP": 1, "Primary": 26, "Titles": 80, "Wanted": 41, "Reading": 53, "Becoming": 77, "Stories": 4343, "MUST": 4430, "Smart": 4489, "Unique": 593, "Ta-Nehisi": 5, "Catching": 157, "Great": 14, "Transcendentalism": 66, "Re-Readable": 1215, "Glad": 399, "Tolstoy": 12, "Authors": 10, "God": 32, "Oxford": 26, "Bloomsbury": 31, "Civil": 27, "MEA": 3, "I'm": 4917, "Names": 50, "Omaha": 2, "ATY": 56, "Nonfiction": 31, "Visible": 2, "What": 392, "Outline": 2, "Africa": 75, "Around": 17, "Book": 16, "Mensa": 1, "South": 1, "Bucket": 3, "Marva": 2, "greatest": 6, "AOM": 4, "Top": 4, "\"Gumption\"": 1, "Rhetoric": 48, "By": 9, "Lousy": 33, "How": 1, "Appendix": 16, "Bibles": 180, "Kepner": 4, "GRE": 7, "Multicultural": 13, "Novels": 158, "11A": 2, "Original": 9784, "Amazon's": 10, "Game": 1, "'IMPORTANT'": 3, "History": 3, "High": 2, "True": 15, "Lit": 1, "Suggested": 1, "1000": 14, "Sophomore": 1, "Gagie": 1, "Well": 3, "1,000": 69, "Ethnic/Cultural": 58, "An": 54, "Mary": 2, "Magdalen": 2, "D.": 1, "#H3": 1, "Understanding": 1, "RbDigital": 1, "Stephen's": 3, "Dismantle": 2, "Delmarva": 2, "Antebellum": 10, "Kiah": 1, "[ATY": 91, "This": 59, "2020:": 825, "\u10d0\u10e0\u10d0\u10db\u10ee\u10d0\u10e2\u10d5\u10e0\u10e3\u10da\u10d8": 29, "Recommendations": 1, "Popsugar": 50, "Politics": 430, "Beginning": 1, "Happiness": 3, "Your": 110, "American": 1, "Recommended": 1137, "Winter": 657, "BEST": 371, "Which": 21, "Task": 7, "You're": 1241, "Junior": 2}, "num_ratings": "109256", "num_reviews": "5499", "average_rating": "4.07", "rating_distribution": {"5 Stars": 46463, "4 Stars": 35501, "3 Stars": 18724, "2 Stars": 5429, "1 Star": 3139}}, {"book_id_title": "11337.The_Bluest_Eye", "book_id": "11337", "book_title": "The Bluest Eye", "book_series": "", "book_series_uri": "", "isbn": "0307278441", "isbn13": "9780307278449", "year_first_published": "1970", "author": "Toni Morrison", "num_pages": 216, "genres": ["Fiction", "Classics", "Historical > Historical Fiction", "Cultural > African American", "Race", "Novels", "Literature", "Literary Fiction", "Academic > School", "Adult"], "shelves": {"to-read": 161513, "currently-reading": 9193, "fiction": 4311, "classics": 2766, "favorites": 1957, "historical-fiction": 1046, "own": 779, "2020": 735, "books-i-own": 633, "owned": 562, "2021": 548, "african-american": 531, "race": 479, "book-club": 419, "2019": 379, "novels": 373, "literature": 366, "classic": 354, "literary-fiction": 331, "school": 308, "1001-books": 221, "adult": 216, "audiobook": 211, "library": 207, "historical": 207, "american": 205, "black-authors": 203, "adult-fiction": 203, "banned-books": 200, "feminism": 193, "american-literature": 182, "audiobooks": 181, "2022": 175, "owned-books": 175, "2018": 173, "wishlist": 170, "2017": 162, "toni-morrison": 158, "novel": 154, "read-for-school": 149, "2016": 144, "contemporary": 144, "2015": 140, "favourites": 140, "20th-century": 139, "my-library": 135, "to-buy": 135, "blm": 133, "1001": 133, "anti-racism": 125, "for-school": 125, "oprah-s-book-club": 124, "literary": 121, "african-american-lit": 121, "african-american-literature": 117, "american-lit": 115, "general-fiction": 110, "women": 108, "1001-books-to-read-before-you-die": 106, "coming-of-age": 106, "audio": 105, "female-authors": 105, "2014": 104, "kindle": 104, "racism": 102, "read-in-2020": 101, "contemporary-fiction": 101, "poc": 97, "authors-of-color": 95, "modern-classics": 94, "oprah": 93, "tbr": 92, "2020-reads": 90, "on-my-shelf": 89, "usa": 88, "physical-tbr": 87, "nobel": 84, "school-books": 83, "nobel-prize": 83, "high-school": 82, "dnf": 79, "default": 77, "ebook": 77, "women-authors": 77, "realistic-fiction": 77, "female-author": 76, "my-books": 76, "college": 76, "women-writers": 75, "english": 73, "bipoc": 72, "black-lives-matter": 72, "read-in-2021": 71, "read-with-jenna": 69, "cultural": 67, "read-in-2019": 67, "2012": 67, "black-lit": 66, "re-read": 66, "read-2020": 65}, "lists": {"Best": 2, "Books": 54, "Oprah's": 11, "Most": 1975, "The": 598, "Black": 32, "1001": 863, "Great": 816, "Nobel": 531, "100": 59, "Social": 1406, "Women": 64, "I": 2101, "What": 2797, "#1000BlackGirlBooks:": 371, "Racial,": 145, "Developing": 276, "Body": 158, "A": 14, "Eye": 28, "Reading": 4, "\"Family": 100, "Cult": 1822, "books": 193, "Read": 14, "Juvenile": 110, "#BlackLivesMatter": 281, "American": 175, "Lemonade": 65, "Banned": 196, "Interesting,": 328, "African": 349, "Literary": 16, "Blue": 45, "Novels": 124, "Modern-day": 168, "[ATY": 71, "Postmodern": 569, "Unique": 418, "Red": 53, "Lavender": 69, "Huffington": 12, "Book": 6, "Colors": 35, "Racism": 15, "Saddest": 725, "Cornell": 23, "Psychological": 115, "Multicultural": 51, "Breaking": 348, "Writing": 35, "Disturbingly": 199, "\"Bucket": 262, "AP": 1, "50": 20, "Waiting": 42, "Girl": 12, "Shades": 17, "Coming": 711, "Schomburg": 5, "Dead": 10, "Ohio": 32, "WOC": 9, "Young": 275, "Windows": 18, "#KweliClub": 6, "Recommended": 7, "2015:": 308, "Well-Read": 5, "YA": 2, "Favourite": 96, "Feminism": 35, "Top": 4, "Life": 1120, "Exquisitely": 36, "2017:": 776, "FCH's": 2, "novels": 9, "Epistolary": 772, "Midday": 6, "BOOKS": 83, "Classroom": 18, "Knowledge": 6, "Awesome": 918, "Authors": 64, "2019:": 860, "Good": 72, "Hanky's": 4, "Sight": 3, "Junior": 2, "2013:": 696, "Short": 5, "And": 19, "Your": 1139, "Fictional": 46, "Civil": 29, "Significant": 9, "Riot": 1, "Quality": 2629, "David": 1, "Female": 24, "Greatest": 10, "Mrs.": 6, "11A": 2, "Historical": 553, "Formidable": 8, "120": 8, "MMS": 2, "(28": 4, "MUST": 4430, "Abusive": 116, "If": 18, "Elissa's": 3, "From": 31, "After": 3, "13": 2, "2016:": 191, "About": 49, "Don't": 1, "16": 2, "Unhappy": 339, "Must": 8, "Bridging": 9, "IB": 2, "Two": 8, "MEA": 3, "My": 1, "2018:": 321, "FemCath": 3, "Reinventing": 8, "Kris'": 1, "Thinking": 175, "Pseudoscience": 17, "#clubedolivrismo": 9, "Works": 1, "2018": 1, "Shadeism": 12, "SMASH": 9, "Omaha": 2, "Alejandra": 1, "Hard-Won": 1, "Ibram": 1}, "num_ratings": "203510", "num_reviews": "11863", "average_rating": "4.09", "rating_distribution": {"5 Stars": 80349, "4 Stars": 76194, "3 Stars": 35403, "2 Stars": 8285, "1 Star": 3279}}, {"book_id_title": "5107.The_Catcher_in_the_Rye", "book_id": "5107", "book_title": "The Catcher in the Rye", "book_series": "", "book_series_uri": "", "isbn": "0316769487", "isbn13": "9780316769488", "year_first_published": "1951", "author": "J.D. Salinger", "num_pages": 277, "genres": ["Classics", "Fiction", "Young Adult", "Literature", "Academic > School", "Novels", "Young Adult > Coming Of Age", "Young Adult > High School", "Literature > American", "Academic > Read For School"], "shelves": {"to-read": 1136390, "classics": 36040, "currently-reading": 31869, "favorites": 20749, "fiction": 19375, "classic": 5388, "young-adult": 4379, "owned": 4340, "own": 4143, "books-i-own": 3642, "literature": 2723, "school": 2299, "favourites": 2076, "novels": 1804, "coming-of-age": 1646, "ya": 1583, "2021": 1169, "high-school": 1143, "2020": 1109, "owned-books": 1095, "american": 1089, "american-literature": 1050, "novel": 992, "read-for-school": 919, "re-read": 866, "2019": 850, "library": 794, "2018": 786, "2015": 776, "2017": 755, "to-buy": 751, "literary-fiction": 743, "2016": 742, "book-club": 727, "wishlist": 721, "classic-literature": 717, "school-books": 714, "2014": 704, "english": 702, "classics-to-read": 688, "for-school": 679, "my-library": 679, "modern-classics": 649, "20th-century": 621, "1001-books": 618, "all-time-favorites": 591, "my-books": 587, "2013": 573, "realistic-fiction": 535, "banned-books": 531, "dnf": 524, "favorite-books": 520, "to-re-read": 511, "contemporary": 500, "general-fiction": 489, "american-lit": 482, "usa": 446, "default": 445, "cl\u00e0ssics": 439, "reread": 430, "adult": 423, "2022": 418, "tbr": 418, "2012": 414, "classic-fiction": 412, "bookshelf": 411, "books": 407, "rory-gilmore-reading-challenge": 405, "1001": 397, "adult-fiction": 390, "favorite": 387, "i-own": 377, "drama": 369, "classic-lit": 362, "on-my-shelf": 355, "abandoned": 352, "school-reads": 350, "to-reread": 343, "physical-tbr": 340, "read-in-english": 338, "bildungsroman": 331, "literary": 327, "read-in-school": 319, "favs": 315, "new-york": 309, "2011": 301, "historical-fiction": 300, "1001-books-to-read-before-you-die": 288, "did-not-finish": 286, "must-read": 284, "faves": 283, "the-classics": 279, "my-bookshelf": 278, "read-again": 277, "2010": 275, "classici": 274, "american-classics": 272, "great-american-read": 267, "ebook": 266, "home-library": 262}, "lists": {"Books": 106, "Best": 139, "100": 82, "1001": 466, "Disappointing": 4587, "What": 1818, "The": 32, "Everyone's": 4454, "I": 2047, "Must": 4479, "Cult": 285, "Read": 362, "I'm": 4917, "Is": 2682, "Tales": 1201, "PBS\u2019s": 2458, "Required": 1193, "Popular": 173, "Stories": 4343, "Favorite": 181, "Favorites": 1145, "Most": 2588, "50": 203, "Coming": 450, "One": 885, "Great": 208, "Time": 298, "Boarding": 295, "Le": 435, "Unforgettables": 2504, "(good!)": 275, "MUST": 4430, "\u06a9\u062a\u0627\u0628": 693, "Goodreads": 166, "Borderline": 820, "Recommended": 400, "Forced": 554, "What's": 8146, "Fictional": 86, "Gilmore": 20, "Classics": 510, "Huh?": 758, "Couldn't": 10098, "Commonly": 511, "Unique": 418, "You": 1997, "Dealbreakers:": 5384, "Developing": 276, "Smart": 4489, "How": 165, "UK": 607, "Top": 419, "Re-Readable": 1215, "Literature": 727, "Let's": 605, "Glad": 399, "AP": 202, "Trees": 840, "MOST": 432, "Works": 749, "Reddit": 781, "American": 175, "Judge": 790, "Original": 9784, "READ": 2429, "Feel": 171, "Fifties": 106, "Authors": 229, "All": 235, "\"Family": 100, "Why": 288, "\"Hipster\"": 133, "Book": 61, "Wall": 462, "Abandoned": 1463, "Juvenile": 110, "Thrillers": 4174, "books": 116, "Catching": 157, "School": 140, "BBC": 105, "New": 65, "Darkest": 1573, "Young": 224, "Boston": 84, "YAsaves": 319, "Postmodern": 109, "Very": 502, "Rory's": 92, "Light": 885, "Influential": 177, "Characters": 308, "Summer": 539, "John": 156, "2011:": 451, "Excellence": 640, "Popsugar": 246, "Ivy": 196, "My": 930, "500": 120, "Banned": 156, "Sonemic": 130, "YA": 155, "Killer": 2125, "Heart": 2362, "Radcliffe's": 51, "Thought": 408, "Pompous": 139, "Manic": 201, "List": 54, "Anarchist": 346, "OverHyped": 140, "Unconventional,": 411, "1949-89:": 67, "Becoming": 77, "Refreshing": 182, "High": 2171, "Novels": 39, "BURGESS'": 37, "Deep": 81, "Spy": 2052, "Larry": 49, "Italiano": 345, "\"Bucket": 262, "NPR": 89, "So": 26, "ATY": 111, "It": 61, "Thrilling": 1966, "Amazon's": 101, "Style": 127, "FIFTY": 69, "Good": 45, "Controversial": 110, "Flavorwire.com's": 25, "If": 2064, "Hardest": 1322, "Australia's": 53, "Worst": 522, "Wolves/dogs": 387, "Broken": 129, "2012:": 149, "Favourite": 1234, "Terrible": 101}, "num_ratings": "3076510", "num_reviews": "67301", "average_rating": "3.81", "rating_distribution": {"5 Stars": 1057274, "4 Stars": 947468, "3 Stars": 651870, "2 Stars": 264135, "1 Star": 155763}}, {"book_id_title": "6185.Wuthering_Heights", "book_id": "6185", "book_title": "Wuthering Heights", "book_series": "", "book_series_uri": "", "isbn": "0553212583", "isbn13": "9780553212587", "year_first_published": "1847", "author": "Emily Bront\u00eb", "num_pages": 464, "genres": ["Classics", "Fiction", "Romance", "Gothic", "Literature", "Historical > Historical Fiction", "Literature > 19th Century", "Novels", "Historical", "Classics > Classic Literature"], "shelves": {"to-read": 926708, "currently-reading": 66732, "classics": 39295, "favorites": 14301, "fiction": 10540, "romance": 5683, "classic": 5578, "owned": 4657, "books-i-own": 4632, "own": 4573, "gothic": 2483, "favourites": 2196, "literature": 1883, "historical-fiction": 1826, "2021": 1349, "2020": 1301, "owned-books": 1288, "tbr": 1113, "19th-century": 1071, "novels": 1038, "kindle": 990, "historical": 987, "physical-tbr": 984, "classic-literature": 970, "dnf": 890, "school": 848, "2019": 826, "my-library": 803, "classics-to-read": 784, "british": 780, "2018": 763, "my-books": 718, "adult": 685, "book-club": 672, "2017": 670, "english": 665, "library": 638, "audiobook": 634, "british-literature": 630, "1001-books": 587, "classici": 582, "victorian": 578, "2016": 569, "bookshelf": 557, "novel": 539, "2015": 536, "re-read": 533, "2022": 532, "audiobooks": 527, "on-my-shelf": 516, "cl\u00e1sicos": 500, "default": 490, "to-buy": 487, "wishlist": 487, "english-literature": 483, "england": 472, "i-own": 449, "literary-fiction": 445, "all-time-favorites": 444, "drama": 441, "owned-tbr": 433, "adult-fiction": 428, "abandoned": 407, "did-not-finish": 404, "classics-tbr": 392, "2014": 391, "classic-lit": 379, "high-school": 374, "classic-fiction": 374, "my-ebooks": 374, "ebook": 369, "my-bookshelf": 364, "1001": 351, "2013": 346, "historical-romance": 340, "read-for-school": 335, "audio": 329, "favorite-books": 314, "ebooks": 308, "on-my-bookshelf": 305, "favorite": 304, "2012": 294, "the-classics": 293, "favoritos": 289, "for-school": 289, "rory-gilmore-reading-challenge": 287, "reread": 284, "home-library": 278, "to-read-classics": 277, "books": 270, "klassiker": 266, "have": 266, "audible": 266, "female-authors": 262, "to-re-read": 261, "favs": 258, "5-stars": 256, "unfinished": 255, "uk": 254, "tbr-classics": 254}, "lists": {"Best": 665, "Books": 21, "What": 165, "100": 1893, "The": 126, "1001": 72, "All": 283, "Favorite": 322, "Literary": 2107, "I": 6081, "Must": 261, "Is": 2682, "Read": 469, "Jezebel's": 1494, "PBS\u2019s": 2458, "Disappointing": 4587, "Victorian": 477, "Male": 1109, "Couldn't": 10098, "So": 5639, "Goodreads": 1043, "Most": 880, "Everyone's": 4454, "I'm": 4917, "Favorites": 1145, "Smart": 4489, "Quality": 2629, "Romance": 2692, "50": 203, "Villain": 1465, "CLEAN": 2130, "Required": 1193, "MUST": 4430, "\"I've": 1368, "Classics": 96, "Strong": 1490, "Gilmore": 520, "Not": 1124, "Darkest": 1573, "Intense": 7221, "Literature": 122, "Great": 55, "Around": 829, "Ghost": 1931, "Cult": 1822, "Unhappy": 339, "Family": 876, "Rooting": 1549, "Tortured": 498, "UK": 607, "Crazy": 403, "Women": 117, "\"Love\"": 130, "Historical": 252, "My": 523, "Epistolary": 772, "Developing": 276, "What's": 8146, "Stories": 4343, "Fictional": 3374, "Re-Readable": 1215, "Authors": 229, "Unforgettables": 2504, "Catching": 157, "Cry,": 1328, "AP": 202, "Huh?": 758, "Italiano": 345, "Dark": 791, "We": 1034, "Masters": 100, "Greatest": 245, "One": 885, "Hey,": 265, "Top": 419, "Suicide": 504, "Winter": 657, "Works": 749, "READ": 2429, "\"Bucket": 262, "\u0623\u0641\u0636\u0644": 2079, "Glad": 399, "the": 597, "Commonly": 511, "MOST": 432, "Graveyards,": 142, "Anti-Heroines": 223, "Young": 9155, "BBC": 98, "Abandoned": 1463, "Recommended": 3264, "Characters": 308, "Stalkerific": 613, "Gothy": 567, "Causes": 3608, "Saddest": 725, "Yorkshire": 84, "Worst": 714, "Men": 1388, "Tragic": 226, "Book": 45, "SCARS": 2479, "Clifton": 106, "Unforgettable": 67, "If": 146, "Titles": 116, "books": 79, "19th": 51, "They": 84, "women": 277, "Classic": 85, "Can't": 93, "I've": 465, "Unique": 593, "Creepy,": 191, "Popsugar": 144, "7": 22, "GREAT": 155, "Leituras": 201, "Social": 1406, "Tessa's": 60, "TBC": 463, "Reclusive": 288, "Kick-ass": 84, "Landscape": 120, "A": 472, "GoodReads": 55, "1,000": 69, "Terrible": 29, "ATY": 78, "Five": 457, "Wrong": 141, "Awesome": 918, "Project": 102, "Victoriana": 55, "History": 181, "Covers": 63, "Trees": 840, "Difficult": 96, "Daily": 52, "500": 120, "Families": 42, "Just": 346, "101": 105, "Delicious": 101, "Dealbreakers:": 5384, "GOOD": 66, "2016:": 374, "Character": 5187, "Coming": 711}, "num_ratings": "1539988", "num_reviews": "46015", "average_rating": "3.87", "rating_distribution": {"5 Stars": 562076, "4 Stars": 474219, "3 Stars": 317859, "2 Stars": 120571, "1 Star": 65263}}, {"book_id_title": "12296.The_Scarlet_Letter", "book_id": "12296", "book_title": "The Scarlet Letter", "book_series": "", "book_series_uri": "", "isbn": "0679783385", "isbn13": "9780679783381", "year_first_published": "1850", "author": "Nathaniel Hawthorne", "num_pages": 279, "genres": ["Classics", "Fiction", "Historical > Historical Fiction", "Academic > School", "Literature", "Young Adult > High School", "Academic > Read For School", "Historical", "Classics > Classic Literature", "Novels"], "shelves": {"classics": 22175, "fiction": 7493, "classic": 3203, "historical-fiction": 3056, "own": 2344, "owned": 2044, "favorites": 1999, "books-i-own": 1937, "to-read": 1923, "school": 1809, "literature": 1408, "high-school": 893, "read-for-school": 854, "historical": 822, "classic-literature": 688, "for-school": 625, "novels": 608, "american-literature": 595, "school-books": 586, "kindle": 580, "owned-books": 522, "romance": 459, "adult": 447, "american": 439, "19th-century": 434, "1001-books": 427, "my-library": 412, "library": 364, "classics-to-read": 356, "american-lit": 332, "adult-fiction": 321, "school-reads": 310, "my-books": 303, "default": 301, "cl\u00e0ssics": 295, "classic-lit": 294, "read-in-school": 274, "novel": 264, "2020": 259, "literary-fiction": 258, "to-buy": 254, "classic-fiction": 251, "tbr": 243, "2017": 239, "history": 236, "2019": 235, "dnf": 235, "audiobook": 235, "1001": 232, "wishlist": 230, "2018": 222, "required-reading": 221, "rory-gilmore-reading-challenge": 217, "religion": 211, "young-adult": 210, "2015": 208, "school-reading": 204, "physical-tbr": 203, "book-club": 203, "ebook": 195, "2016": 193, "audiobooks": 190, "english": 185, "1001-books-to-read-before-you-die": 185, "the-classics": 181, "re-read": 181, "classici": 179, "i-own": 176, "on-my-shelf": 175, "drama": 175, "read-in-high-school": 173, "home-library": 169, "2014": 165, "american-classics": 160, "usa": 159, "general-fiction": 158, "bookshelf": 156, "classics-tbr": 156, "ebooks": 150, "own-it": 146, "abandoned": 145, "literary": 145, "2013": 145, "ap-lit": 144, "did-not-finish": 144, "to-read-classics": 143, "my-bookshelf": 134, "classics-read": 132, "rory-gilmore-challenge": 131, "have": 130, "feminism": 123, "rory-gilmore": 121, "tbr-classics": 120, "to-re-read": 119, "new-england": 116, "banned-books": 116, "books": 115, "personal-library": 108, "america": 108, "women": 108}, "lists": {"Books": 29, "Best": 10, "100": 6, "The": 106, "1001": 41, "Read": 61, "Must": 4479, "I": 6140, "Required": 26, "Recommended": 164, "I'm": 4917, "Literary": 2107, "Forced": 554, "Goodreads": 1043, "Most": 2588, "Favorites": 10, "Disappointing": 4587, "Is": 2682, "A": 180, "New": 3281, "Classics": 96, "Unhappy": 339, "Illicit": 410, "Favorite": 5, "Male": 1109, "Literature": 345, "What": 773, "Vicars,": 257, "Glad": 399, "AP": 202, "Jezebel's": 1494, "Gilmore": 520, "Settings": 245, "Kick-Butt": 2386, "Abandoned": 1463, "\"Love\"": 130, "Catching": 157, "MOST": 432, "Clifton": 106, "Saddest": 725, "101": 36, "Human": 273, "BOOKS": 49, "Not": 1124, "Top": 419, "Bad": 130, "Religion": 94, "How": 165, "Unforgettables": 2504, "Very": 502, "American": 182, "Younger": 624, "Romance": 2692, "All": 12061, "Novels": 167, "Book": 27, "Difficult": 96, "What's": 8146, "Transcendentalism": 66, "Challenging": 73, "Half": 267, "Good": 61, "Characters": 308, "MUST": 4430, "Harvard": 72, "Popsugar": 213, "Colorful": 80, "Boston": 265, "Cheap": 1187, "Bullying": 239, "So": 222, "Rory's": 92, "Couldn't": 10098, "Wordsworth": 52, "Everyone's": 4454, "Star-Crossed": 156, "2015:": 1549, "Forbidden": 88, "Kick-ass": 84, "Wise": 945, "Nineteenth": 29, "Surprise!": 208, "Unique": 418, "Strong": 374, "Oulipo,etc.": 272, "Victorian": 477, "Year": 15, "Hand": 134, "Witch": 22, "Influential": 177, "Summer": 539, "Worst": 68, "Mentioned": 15, "Historical": 59, "Proliferation": 39, "Becoming": 77, "Daily": 52, "My": 22, "Style": 127, "2017:": 776, "Penguin": 251, "Smart": 4489, "Unforgettable": 215, "Feel": 171, "Boil": 92, "Scandalous": 12, "Born": 64, "Early": 13, "1000": 28, "Dealbreakers:": 5384, "Shades": 35, "Authors": 12, "Heart": 1304, "Girl": 976, "Rebels": 36, "Guardian": 22, "Favourite": 96, "LibriVox": 54, "Popular": 2000, "Fiction": 14, "Judge": 10792, "Unexpected": 627, "Classic": 6, "READ": 2429, "Dressed": 53, "Downton": 17, "That": 24, "Original": 9784, "Waring": 37, "Fictional": 46, "Assigned": 41, "Middle": 11, "Justice": 36, "120": 8, "52": 211, "Project": 63, "Banned": 8, "Masters": 19, "H.": 8, "Women": 182, "Author's": 4, "Classic\u00b4s": 6, "Kat": 17, "Revenge": 277, "God": 32, "Great": 5, "Down": 573, "Proposed": 5, "50": 6, "H.S.": 3, "Patrick": 4, "Ms.": 6, "Before": 12, "Danna's": 3, "Subtle": 14, "Movies": 6}, "num_ratings": "776086", "num_reviews": "16621", "average_rating": "3.43", "rating_distribution": {"5 Stars": 147537, "4 Stars": 231862, "3 Stars": 245740, "2 Stars": 104838, "1 Star": 46109}}, {"book_id_title": "2657.To_Kill_a_Mockingbird", "book_id": "2657", "book_title": "To Kill a Mockingbird", "book_series": "To Kill a Mockingbird", "book_series_uri": "/series/255474-to-kill-a-mockingbird", "isbn": "1439550417", "isbn13": "9781439550410", "year_first_published": "1960", "author": "Harper Lee", "num_pages": 336, "genres": ["Classics", "Fiction", "Historical > Historical Fiction", "Academic > School", "Literature", "Young Adult", "Historical", "Academic > Read For School", "Novels", "Young Adult > High School"], "shelves": {"to-read": 1889746, "currently-reading": 72875, "classics": 51042, "favorites": 38944, "fiction": 25065, "classic": 8414, "historical-fiction": 7647, "own": 5798, "owned": 5770, "books-i-own": 5484, "school": 4412, "favourites": 3892, "literature": 3214, "young-adult": 3088, "historical": 2015, "read-for-school": 2000, "novels": 1985, "2015": 1911, "book-club": 1848, "owned-books": 1588, "2020": 1555, "school-books": 1462, "all-time-favorites": 1454, "2021": 1448, "high-school": 1445, "re-read": 1412, "2016": 1385, "for-school": 1369, "2019": 1268, "coming-of-age": 1215, "2018": 1188, "2017": 1133, "classic-literature": 1108, "to-buy": 1101, "american": 1082, "favorite-books": 1069, "american-literature": 1054, "novel": 1053, "library": 1043, "pulitzer": 1026, "my-books": 1019, "literary-fiction": 999, "wishlist": 984, "adult": 969, "ya": 946, "my-library": 928, "2014": 848, "english": 844, "audiobook": 842, "audiobooks": 817, "favorite": 782, "adult-fiction": 780, "tbr": 779, "school-reads": 769, "drama": 765, "5-stars": 761, "realistic-fiction": 743, "modern-classics": 733, "1001-books": 727, "to-re-read": 725, "cl\u00e0ssics": 708, "pulitzer-prize": 702, "20th-century": 692, "reread": 684, "banned-books": 649, "2013": 644, "general-fiction": 630, "history": 610, "classics-to-read": 599, "racism": 596, "read-in-school": 591, "books": 587, "default": 575, "bookshelf": 567, "race": 566, "audio": 556, "kindle": 555, "southern": 552, "2022": 550, "read-again": 541, "i-own": 537, "childhood": 537, "american-lit": 535, "on-my-shelf": 532, "classic-fiction": 532, "my-favorites": 518, "faves": 509, "classic-lit": 506, "must-read": 506, "read-in-2015": 502, "usa": 463, "school-reading": 454, "physical-tbr": 444, "my-bookshelf": 431, "favs": 427, "required-reading": 426, "1001": 420, "crime": 419, "2012": 419, "to-reread": 418}, "lists": {"Best": 78, "Books": 170, "100": 151, "1001": 1023, "Must": 261, "The": 103, "I'm": 4917, "PBS\u2019s": 2458, "Read": 447, "I": 2455, "What": 1818, "Favorite": 181, "Pulitzer": 238, "Quirky": 1982, "Required": 1193, "Smart": 4489, "Couldn't": 10098, "Stories": 4343, "What's": 8146, "Fantastic": 739, "Favorites": 1145, "Jezebel's": 1494, "50": 203, "Teen": 2984, "Unforgettables": 2504, "Cult": 1822, "YA": 4480, "Everyone's": 4454, "Top": 311, "ONE": 6112, "One": 885, "All": 1082, "Great": 709, "Social": 1406, "MUST": 4430, "Literature": 345, "Children's": 3407, "Time": 298, "Coming": 450, "Developing": 276, "Strong": 1490, "Recommended": 400, "Over": 1747, "Gilmore": 82, "Most": 880, "UK": 607, "Re-Readable": 1215, "A": 472, "Seasonal": 571, "Banned": 156, "Glad": 399, "2015:": 512, "Very": 502, "Kick-Butt": 2386, "Reddit": 781, "READ": 2429, "Classics": 96, "Works": 749, "Historical": 553, "American": 175, "Fiction/Novels": 341, "Around": 937, "Modern-day": 168, "AP": 202, "Which": 981, "Catching": 157, "Not": 1124, "Women": 162, "EVERYONE": 414, "Book": 85, "Both": 321, "Your": 849, "You're": 1241, "TBC": 463, "2012:": 782, "books": 79, "\"Bucket": 262, "Hey,": 265, "\"Crime\"": 133, "Hardest": 1322, "Juvenile": 110, "Light": 885, "BOOKS": 706, "BBC": 105, "LDS": 325, "Who": 533, "Is": 2682, "Thought": 408, "These": 166, "Trees": 170, "Amazon's": 101, "Wise": 945, "My": 2729, "Influential": 177, "2016:": 691, "Alabama": 119, "4": 124, "women": 277, "Dealbreakers-If": 261, "Interesting,": 328, "Racial,": 145, "Girl": 976, "Oxford": 89, "Adult": 132, "Characters": 738, "Judge": 10792, "Southern": 234, "Disappointing": 4587, "2011:": 451, "101": 105, "Six": 775, "Forced": 554, "\u0643\u062a\u0628": 1880, "Human": 273, "Uplifting": 279, "2019:": 860, "the": 597, "Goodreads": 1043, "Species": 160, "Totally": 797, "Saddest": 725, "Beautifully": 199, "Law": 173, "Thrillers": 2760, "Favourite": 1234, "Black": 479, "Harvard": 72, "Birds": 148, "Popsugar": 124, "I've": 465, "Refreshing": 182, "Novels": 93, "Classic": 39, "New": 67, "I'LL": 238, "Middle": 587}, "num_ratings": "5201737", "num_reviews": "101921", "average_rating": "4.27", "rating_distribution": {"5 Stars": 2720100, "4 Stars": 1542200, "3 Stars": 668479, "2 Stars": 175524, "1 Star": 95434}}, {"book_id_title": "320.One_Hundred_Years_of_Solitude", "book_id": "320", "book_title": "One Hundred Years of Solitude", "book_series": "", "book_series_uri": "", "isbn": "8420471836", "isbn13": "9788420471839", "year_first_published": "1967", "author": "Gabriel Garc\u00eda M\u00e1rquez", "num_pages": 417, "genres": ["Fiction", "Classics", "Magical Realism", "Literature", "Novels", "Fantasy", "Historical > Historical Fiction", "European Literature > Spanish Literature", "Literary Fiction", "Cultural > Latin American"], "shelves": {"to-read": 827786, "currently-reading": 42401, "favorites": 11762, "fiction": 11376, "classics": 10385, "magical-realism": 3474, "owned": 2242, "own": 2052, "literature": 1646, "classic": 1481, "books-i-own": 1430, "novels": 1319, "fantasy": 1298, "historical-fiction": 1144, "favourites": 1059, "2020": 859, "2021": 854, "novel": 763, "latin-america": 763, "abandoned": 738, "book-club": 707, "spanish": 706, "dnf": 694, "magic-realism": 603, "literary-fiction": 600, "wishlist": 597, "owned-books": 586, "to-buy": 576, "2019": 572, "colombia": 546, "library": 528, "2018": 517, "did-not-finish": 511, "latin-american": 500, "2017": 484, "unfinished": 464, "my-library": 446, "1001-books": 444, "2016": 420, "translated": 402, "2022": 400, "favoritos": 398, "tbr": 378, "south-america": 347, "default": 343, "2015": 338, "2014": 336, "20th-century": 334, "classics-to-read": 327, "espa\u00f1ol": 322, "modern-classics": 315, "audiobook": 313, "my-books": 308, "\u0631\u0648\u0627\u064a\u0627\u062a": 296, "nobel": 286, "adult": 276, "latin-american-literature": 272, "1001": 266, "nobel-prize": 264, "all-time-favorites": 261, "historical": 251, "physical-tbr": 249, "cl\u00e1sicos": 248, "kindle": 245, "favorite": 245, "audiobooks": 244, "adult-fiction": 239, "favorite-books": 236, "must-read": 234, "re-read": 233, "didn-t-finish": 232, "classic-literature": 232, "literary": 228, "on-my-shelf": 227, "bookshelf": 225, "spanish-literature": 218, "rory-gilmore-reading-challenge": 214, "contemporary": 214, "general-fiction": 214, "to-read-fiction": 209, "great-american-read": 206, "romance": 204, "gabriel-garcia-marquez": 202, "to-re-read": 195, "translation": 189, "on-hold": 186, "wish-list": 186, "i-own": 182, "2013": 181, "lit": 179, "favs": 176, "never-finished": 174, "home-library": 174, "to-read-classics": 172, "novela": 170, "to-reread": 170, "drama": 169, "1001-books-to-read-before-you-die": 166, "colombian": 164, "school": 163}, "lists": {"Best": 117, "Books": 21, "Favorite": 181, "The": 11, "100": 44, "1001": 23, "Latin": 39, "I": 2047, "Oprah's": 2285, "Libros": 615, "Most": 8474, "Goodreads": 1043, "Must": 326, "Nobel": 531, "\u0643\u062a\u0628": 562, "Magical": 667, "Abandoned": 1463, "PBS\u2019s": 2458, "\u0623\u0641\u0636\u0644": 1136, "Stories": 4343, "Disappointing": 4587, "Read": 57, "Favorites": 1145, "Le": 29, "Mejores": 239, "Recommended": 1184, "What": 2072, "50": 60, "I'm": 4917, "Family": 876, "Around": 28, "Highbrow": 631, "Las": 130, "Italiano": 345, "\u06a9\u062a\u0627\u0628": 693, "Cult": 1822, "Literary": 739, "\u062e\u0637\u0629": 840, "Postmodern": 92, "Big": 7387, "Historical": 129, "Trippy": 957, "Gilmore": 31, "Metafiction": 546, "Is": 2682, "Reddit": 781, "Popsugar": 219, "Greenest": 595, "Translated": 175, "You": 1997, "Non-American": 510, "Latinoamerica": 52, "Everyone's": 4454, "In": 229, "Neustadt": 38, "Sonemic": 130, "Feel": 171, "Nothing": 182, "Catching": 157, "Let's": 605, "Donald": 67, "BBC": 105, "Modern-Day": 359, "[ATY": 127, "A": 24, "Book": 28, "Thickest": 2485, "Half": 267, "Couldn't": 10098, "2014:": 569, "Unconventional,": 411, "Invented": 49, "Style": 127, "What's": 8146, "Brilliant": 440, "War": 69, "Hispanic": 73, "Time": 74, "All": 9, "Dynasties": 58, "Clifton": 106, "Flavorwire's": 32, "Jess": 43, "Globe": 52, "Six": 775, "MUST": 4430, "Literature": 727, "Boston": 84, "\u06a9\u062a\u0627\u0628\u200c\u0647\u0627\u06cc": 294, "Unforgettables": 2504, "New": 3281, "Classics": 96, "Top": 773, "Exploring": 213, "AP": 202, "\u0623\u0643\u062b\u0631": 406, "Speculative": 409, "Judge": 10792, "Harvard": 72, "Non-Western": 78, "DIFFICULT": 68, "Hardest": 1322, "Favourite": 96, "Commonly": 511, "Smart": 4489, "READ": 2429, "Refreshing": 182, "Los": 45, "101": 105, "Popular": 2000, "52": 44, "Keskisuomalaisen": 37, "Transcultural": 263, "500": 120, "There": 1127, "Beautifully": 199, "Worst": 66, "4": 272, "FIFTY": 69, "Westeros": 45, "Readercon": 30, "To": 769, "Titles": 114, "Thrillers": 4174, "30": 70, "Authors": 64, "Argentinos": 52, "UK": 607, "Re-Readable": 1215, "Help": 86, "Counterpunch:": 22, "Saddest": 725, "Your": 900, "PBS": 36, "Great": 102, "My": 39, "Good": 59, "Bucket": 70, "Leituras": 245, "1000": 28, "Newsweek": 14, "FSU": 12, "Hundreds": 14, "List": 10, "\"I've": 1368, "IS:n": 26, "Jews": 360, "Sword": 1412, "Task": 19, "Literatura": 16, "85": 16, "Paranormal,": 489, "Original": 9784, "Tips": 12}, "num_ratings": "843643", "num_reviews": "36084", "average_rating": "4.10", "rating_distribution": {"5 Stars": 410279, "4 Stars": 225570, "3 Stars": 122590, "2 Stars": 50681, "1 Star": 34523}}, {"book_id_title": "38447.The_Handmaid_s_Tale", "book_id": "38447", "book_title": "The Handmaid's Tale", "book_series": "The Handmaid's Tale  #1", "book_series_uri": "/series/249878-the-handmaid-s-tale", "isbn": "isbn not found", "isbn13": "isbn13 not found", "year_first_published": "1985", "author": "Margaret Atwood", "num_pages": 314, "genres": ["Fiction", "Classics", "Science Fiction > Dystopia", "Science Fiction", "Feminism", "Fantasy", "Adult", "Audiobook", "Literature", "Novels"], "shelves": {"to-read": 1055471, "currently-reading": 140157, "fiction": 18031, "favorites": 15465, "classics": 13008, "dystopian": 8142, "dystopia": 7908, "science-fiction": 6230, "2017": 4907, "sci-fi": 4227, "feminism": 3982, "owned": 3945, "own": 3679, "books-i-own": 3399, "2018": 3231, "book-club": 3081, "2019": 2848, "2020": 2712, "favourites": 2022, "2021": 1944, "classic": 1879, "fantasy": 1857, "adult": 1505, "audiobook": 1485, "audiobooks": 1370, "kindle": 1319, "literature": 1287, "novels": 1188, "read-in-2017": 1117, "canadian": 1081, "literary-fiction": 995, "feminist": 993, "adult-fiction": 978, "library": 941, "dnf": 898, "owned-books": 897, "2016": 890, "speculative-fiction": 881, "scifi": 851, "wishlist": 794, "audible": 777, "2015": 746, "school": 727, "tbr": 715, "audio": 709, "ebook": 690, "to-buy": 685, "women": 682, "kindle-unlimited": 662, "sci-fi-fantasy": 608, "1001-books": 604, "my-library": 582, "read-in-2018": 581, "canada": 580, "read-2017": 565, "novel": 565, "2014": 555, "contemporary": 554, "re-read": 552, "bookclub": 541, "english": 521, "abandoned": 510, "modern-classics": 509, "physical-tbr": 502, "my-books": 484, "2022": 481, "read-in-2019": 475, "did-not-finish": 474, "2013": 469, "all-time-favorites": 468, "distopia": 461, "general-fiction": 448, "post-apocalyptic": 447, "dystopian-fiction": 446, "series": 436, "ebooks": 434, "20th-century": 425, "female-authors": 409, "on-my-shelf": 402, "bookshelf": 402, "contemporary-fiction": 398, "sf": 391, "read-in-2020": 383, "religion": 375, "margaret-atwood": 371, "female-author": 369, "5-stars": 366, "audio-books": 362, "read-2018": 360, "banned-books": 355, "literary": 353, "2012": 345, "reread": 343, "i-own": 343, "read-for-school": 340, "horror": 334, "1001": 331, "drama": 330, "favorite-books": 329, "our-shared-shelf": 316}, "lists": {"Best": 46, "Books": 883, "100": 72, "The": 31, "Dystopia!": 2731, "1001": 466, "PBS\u2019s": 2458, "Science": 93, "Jezebel's": 1494, "Kindle": 386, "What": 1424, "Feminist": 52, "I'm": 4917, "This": 1556, "Couldn't": 10098, "Quality": 2629, "What's": 8146, "Social": 1406, "Suggested": 1744, "Sci-Fi": 3752, "Canadian": 615, "Most": 661, "Women": 103, "Smart": 4489, "Darkest": 1573, "Speculative": 800, "Sword": 1331, "Favorites": 1145, "Apocalypse:": 796, "50": 1665, "Developing": 276, "Cult": 1822, "2017:": 207, "Non-Winners": 240, "Amazon": 960, "Strong": 786, "Favorite": 479, "2018:": 321, "Entertainment": 253, "Top": 311, "S&L": 1259, "Reading": 251, "Read": 469, "Interesting,": 328, "Great": 66, "Epistolary": 772, "Classic": 234, "Must": 4479, "A": 472, "Disappointing": 4587, "Left-wing": 254, "Stories": 4343, "Patriarchal": 85, "Apocalypses": 735, "Wonderful": 570, "Everyone's": 4454, "Philosophical": 422, "Unforgettables": 2504, "Fiction/Novels": 341, "UK": 607, "Popsugar": 154, "Arthur": 22, "Settings": 245, "SciFi": 223, "Book": 61, "Trippy": 957, "Adult": 177, "Wise": 945, "I": 2047, "Boston": 265, "(Not)": 151, "Refreshing": 182, "Required": 1193, "Seasonal": 571, "adult": 153, "Dystopias": 89, "If": 1550, "Male": 1109, "Highbrow": 631, "Modern-day": 168, "Body": 158, "SF": 355, "Dystopian": 88, "AP": 202, "Breaking": 348, "women": 277, "Paranormal": 718, "Metafiction": 546, "All": 235, "Suicide": 504, "Your": 900, "MUST": 4430, "Literary": 247, "2019:": 860, "Masters": 100, "/r/PrintSF": 224, "Over": 1747, "Awesome": 54, "Canada": 61, "Scariest": 803, "Religion": 94, "Decent": 376, "2014:": 1061, "Literature": 345, "Conspiracy": 1278, "Governor": 38, "Candidates": 115, "World": 20, "2012:": 782, "Illicit": 410, "One": 885, "Let's": 605, "We": 1034, "2016:": 691, "Oh,": 466, "Kick-Butt": 2386, "Dystopics,": 97, "Teen": 161, "Want": 210, "Earth": 67, "ATY": 71, "READ": 2429, "Third-Wave": 68, "In": 75, "Classics": 96, "BBC": 105, "Jobs,": 56, "Amazon's": 101, "Post-apocalyptic": 330, "Weird,": 256, "Sisterhood": 142, "ALA": 126, "2011:": 451, "[ATY": 88, "Recomendaciones": 104, "Feminista's": 45, "My": 43, "With": 253, "500": 52, "Amazing": 260, "Prison": 230, "Bizarre": 384, "Harvard": 72, "Pro-Choice": 63, "Flavorwire's": 20, "Banned": 156, "Powerful": 209, "Beautifully": 199, "Utopian/Dystopian": 70, "intelligent": 72, "Works": 78, "Five": 457, "Mundane": 39, "Those": 53, "Born": 87, "Debbie": 44, "Human": 273, "These": 166, "Help": 86, "2017": 42, "the": 597, "Bibles": 180, "Bloomsbury": 31}, "num_ratings": "1713663", "num_reviews": "80731", "average_rating": "4.12", "rating_distribution": {"5 Stars": 734195, "4 Stars": 604749, "3 Stars": 264266, "2 Stars": 73758, "1 Star": 36695}}, {"book_id_title": "1885.Pride_and_Prejudice", "book_id": "1885", "book_title": "Pride and Prejudice", "book_series": "", "book_series_uri": "", "isbn": "0553213105", "isbn13": "9780553213102", "year_first_published": "1813", "author": "Jane Austen", "num_pages": 279, "genres": ["Classics", "Fiction", "Romance", "Historical > Historical Fiction", "Literature", "Historical", "Novels", "Romance > Historical Romance", "Audiobook", "Adult"], "shelves": {"to-read": 1745085, "currently-reading": 173402, "classics": 58616, "favorites": 45063, "fiction": 16851, "romance": 14774, "classic": 9187, "owned": 6757, "own": 6708, "books-i-own": 6703, "favourites": 5079, "historical-fiction": 4464, "2021": 2867, "literature": 2814, "2020": 2649, "historical": 2614, "jane-austen": 2252, "owned-books": 1721, "all-time-favorites": 1662, "kindle": 1633, "audiobook": 1614, "novels": 1585, "2019": 1569, "tbr": 1558, "historical-romance": 1492, "audiobooks": 1486, "re-read": 1418, "adult": 1401, "classic-literature": 1315, "2018": 1306, "physical-tbr": 1297, "2016": 1252, "school": 1192, "2017": 1180, "19th-century": 1174, "dnf": 1151, "book-club": 1107, "my-books": 1101, "my-ebooks": 1086, "my-library": 1077, "british": 1058, "english": 1030, "2015": 1004, "favorite-books": 985, "5-stars": 974, "favorite": 965, "2022": 941, "novel": 920, "library": 901, "classics-to-read": 796, "british-literature": 770, "bookshelf": 764, "adult-fiction": 754, "2014": 749, "reread": 744, "ebook": 738, "cl\u00e1sicos": 734, "on-my-shelf": 734, "favoritos": 732, "audio": 730, "classici": 728, "favs": 725, "to-buy": 717, "england": 706, "faves": 703, "i-own": 688, "2013": 688, "1001-books": 684, "wishlist": 645, "regency": 621, "ebooks": 608, "audible": 594, "literary-fiction": 594, "enemies-to-lovers": 578, "austen": 578, "my-bookshelf": 560, "love": 558, "classic-lit": 554, "default": 553, "english-literature": 548, "abandoned": 543, "classic-fiction": 539, "high-school": 532, "2012": 522, "did-not-finish": 519, "chick-lit": 513, "my-favorites": 511, "read-for-school": 482, "all-time-favourites": 478, "on-hold": 453, "drama": 446, "books": 437, "on-my-bookshelf": 422, "favourite": 422, "the-classics": 421, "own-it": 419, "1001": 418, "read-in-2020": 416, "2011": 412, "klassiker": 410}, "lists": {"Best": 422, "Books": 3262, "All": 283, "100": 1893, "Favorite": 733, "The": 193, "1001": 466, "Must": 4479, "Read": 128, "What": 756, "Romance": 629, "CLEAN": 2130, "Literary": 2107, "I": 293, "PBS\u2019s": 2458, "My": 523, "I'm": 4917, "Couldn't": 10098, "ONE": 6112, "Slow-burn": 2545, "Jezebel's": 1494, "Love/Hate": 1440, "Goodreads": 89, "Favorites": 1145, "Character": 5187, "Strong": 786, "Clean": 727, "Slow": 335, "Male": 1205, "Young": 9155, "Men": 1388, "Fictional": 600, "Kick-Butt": 2386, "One": 885, "Classics": 510, "Girl": 976, "Great": 76, "Smart": 4489, "Gilmore": 520, "Historical": 1017, "MUST": 4430, "Literature": 727, "the": 597, "Required": 1193, "Unforgettables": 2504, "Characters": 738, "50": 203, "Starchy": 416, "A": 1074, "Chick": 1836, "UK": 607, "Most": 661, "Re-Readable": 1215, "Recommended": 1184, "DCPL": 1750, "Stories": 4343, "Everyone's": 4454, "Romances": 499, "You": 1997, "Dramatic": 1036, "Suggested": 1744, "Both": 321, "Light": 885, "Seasonal": 571, "Controlling/Sexy/Possessive": 6439, "Very": 502, "Love-Hate": 468, "Head": 655, "Hunks": 312, "Wise": 945, "Funniest": 2112, "Hero": 267, "Jane": 143, "True": 236, "Fairytale": 261, "Fantastic": 739, "\"Love\"": 130, "Italiano": 345, "Witty/Funny": 710, "I've": 465, "\u0623\u0641\u0636\u0644": 2079, "If": 434, "Is": 2682, "Women": 162, "Greatest": 245, "Catching": 157, "Dealbreakers:": 5384, "What's": 8146, "Popular": 2000, "Featuring": 704, "Enemies": 402, "Sweet": 256, "Interesting,": 328, "Gotta": 1895, "Novels": 136, "Classic": 52, "Family": 876, "Feminist": 207, "\u201cSister\u201d": 182, "Which": 981, "Kick-ass": 84, "6": 1194, "Humorous": 6744, "Your": 1315, "Uplifting": 279, "Hey,": 265, "Favourite": 1234, "Dresses": 2053, "BBC": 98, "Disinterested": 149, "Unforgettable": 67, "best": 179, "women": 277, "Clean/Secular/Non": 151, "Popsugar": 178, "YA": 2642, "Competent": 280, "Five": 457, "Glad": 399, "books": 79, "Free": 455, "2014:": 569, "'I": 839, "Top": 311, "LDS": 325, "Heartwarmers": 296, "Dealbreaker": 211, "Clifton": 106, "Unmistakably": 350, "2016:": 691, "Project": 102, "Amazon's": 101, "\"Bucket": 262, "Harvard": 72, "Candidates": 115, "GOOD": 66, "Sink": 119, "Star-Crossed": 156, "GREAT": 155, "We": 1034, "Titles": 114}, "num_ratings": "3546725", "num_reviews": "85206", "average_rating": "4.28", "rating_distribution": {"5 Stars": 1935679, "4 Stars": 961336, "3 Stars": 431353, "2 Stars": 130080, "1 Star": 88277}}, {"book_id_title": "14942.Mrs_Dalloway", "book_id": "14942", "book_title": "Mrs. Dalloway", "book_series": "", "book_series_uri": "", "isbn": "0156628708", "isbn13": "9780156628709", "year_first_published": "1925", "author": "Virginia Woolf", "num_pages": 194, "genres": ["Classics", "Fiction", "Literature", "Novels", "Feminism", "European Literature > British Literature", "Literature > 20th Century", "Literary Fiction", "Academic > School", "Literature > English Literature"], "shelves": {"to-read": 262044, "currently-reading": 17827, "classics": 9256, "fiction": 4767, "favorites": 3240, "owned": 1290, "own": 1246, "classic": 1092, "books-i-own": 1091, "literature": 770, "2021": 583, "novels": 562, "2020": 522, "favourites": 495, "feminism": 495, "british": 465, "20th-century": 401, "2019": 395, "owned-books": 362, "2018": 360, "book-club": 356, "1001-books": 356, "literary-fiction": 355, "english": 349, "british-literature": 334, "modernism": 333, "school": 319, "2017": 313, "library": 296, "novel": 284, "2016": 266, "dnf": 263, "tbr": 262, "classics-to-read": 258, "to-buy": 257, "2022": 256, "my-library": 256, "virginia-woolf": 252, "wishlist": 249, "english-literature": 247, "cl\u00e0ssics": 245, "kindle": 244, "abandoned": 243, "england": 240, "2014": 239, "2015": 233, "rory-gilmore-reading-challenge": 228, "classic-literature": 227, "modern-classics": 227, "physical-tbr": 225, "women": 218, "historical-fiction": 206, "audiobook": 193, "adult": 193, "1001": 192, "university": 178, "read-for-school": 177, "uni": 176, "1920s": 172, "female-authors": 171, "audiobooks": 170, "my-books": 168, "lgbt": 161, "london": 156, "uk": 156, "literary": 151, "2013": 148, "adult-fiction": 145, "default": 144, "did-not-finish": 143, "bookshelf": 143, "college": 141, "unfinished": 140, "ebook": 139, "female-author": 138, "lgbtq": 135, "for-school": 135, "1001-books-to-read-before-you-die": 132, "british-lit": 131, "classics-tbr": 130, "on-my-shelf": 129, "rory-gilmore": 127, "re-read": 125, "i-own": 125, "rory-gilmore-challenge": 122, "stream-of-consciousness": 122, "classic-lit": 120, "gilmore-girls": 119, "feminist": 119, "brit-lit": 114, "2012": 111, "audio": 110, "classici": 109, "owned-tbr": 109, "to-read-classics": 109, "classic-fiction": 109, "historical": 108, "general-fiction": 108, "women-writers": 108, "to-re-read": 104}, "lists": {"Best": 5, "The": 10, "Books": 2696, "1001": 12, "100": 4, "Women": 103, "Most": 18, "London": 24, "Must": 4285, "Writers": 273, "Jezebel's": 1494, "Great": 41, "Favorites": 1145, "I": 3976, "Strong": 786, "From": 61, "Time": 298, "Gilmore": 28, "Modernist": 59, "A": 4, "Suicide": 504, "(Not)": 151, "Bloomsbury": 43, "50": 60, "\"Family": 100, "Style": 127, "Book": 48, "Hey,": 265, "Stories": 25, "Postmodern": 569, "SZ-Bibliothek": 63, "Catching": 157, "Read": 1544, "Radcliffe's": 51, "Popsugar": 246, "Mr.": 75, "WWI\u2014The": 356, "Sonemic": 130, "Food-Related": 629, "Feel": 171, "Classics": 11, "Clifton": 106, "Wise": 945, "Harvard": 72, "40+": 108, "women": 277, "Couldn't": 10098, "Feminista's": 45, "Favorite": 42, "Midlife": 123, "Help": 86, "What": 54, "Let's": 27, "Literature": 122, "Los": 45, "Nouvelle": 254, "Desperate": 79, "GRE": 20, "Amazing": 75, "500": 120, "[ATY": 53, "How": 165, "Families": 42, "Publishing": 15, "International": 152, "Leituras": 83, "ATY": 56, "Judge": 10792, "Manic": 201, "War": 242, "Appreciating": 9, "All": 2232, "BBC": 11, "Your": 900, "2014:": 1061, "In": 57, "Newsweek": 14, "Calgary": 8, "Polyphonic": 13, "Absurdity": 49, "2016:": 191, "21": 11, "Girl": 12, "Mutlaka": 98, "AP": 3, "Os": 13, "By": 13, "World": 134, "Between-The-Wars": 16, "Unhappy": 339, "Novels": 235, "Unnecessary": 7, "Feminism": 13, "Guardian": 22, "what": 62, "MUST": 4430, "Names": 22, "Psychological": 18, "Patrick": 5, "Full": 3, "11": 3, "Joshua": 6, "Poetic": 8, "British": 17, "Must-reads": 13, "Good": 18, "Britlist": 15, "Want": 210, "Essential": 4, "Groundbreaking": 85, "Danna's": 3, "March": 6, "LibriVox": 54, "Recommended": 7, "Entertainment": 14, "My": 4, "St": 8, "Top": 2, "Depression": 527, "AbeBooks.com-100": 9, "Prescribed": 2, "Classic": 21, "Winter": 67, "Time's": 7, "Appendix": 15, "Ladies's": 10, "Bokkluben": 5, "Bisexual": 14, "Bravo!": 6, "St.": 3, "novels": 9, "Inspiring": 13, "Bokkubben": 3, "Pure": 3, "Penguin's": 7}, "num_ratings": "254147", "num_reviews": "12729", "average_rating": "3.79", "rating_distribution": {"5 Stars": 78696, "4 Stars": 84543, "3 Stars": 59930, "2 Stars": 21596, "1 Star": 9382}}]